workout_date,workouts,workout_calories,workout_distance,avg_workout_hr
2024-01-12,2,650,NULL,145
2024-01-14,4,740,NULL,144.25
2024-01-15,4,588,NULL,123.25
2024-01-17,1,261,NULL,112
2024-01-22,1,210,1.02,119
2024-01-25,1,163,1.12,121
2024-01-26,2,477,NULL,154
2024-01-27,1,507,NULL,146
2024-01-29,2,457,2.52,152
2024-01-30,1,120,1,87
2024-01-31,3,492,NULL,137.66666666666666
2024-02-01,3,581,NULL,149
2024-02-02,2,429,2.26,153
2024-02-03,3,502,NULL,149.33333333333334
2024-02-05,4,519,0.72,134.75
2024-02-08,1,161,1.02,136
2024-02-10,2,529,3.32,158.5
2024-02-13,1,111,0.92,114
2024-02-15,1,239,NULL,168
2024-02-18,2,599,1.72,130.5
2024-02-19,5,747,1.87,147
2024-02-25,3,1042,NULL,159.33333333333334
2024-02-26,1,85,NULL,115
2024-03-04,3,764,NULL,156
2024-03-05,4,820,NULL,149.75
2024-03-08,4,646,NULL,131.5
2024-03-09,1,721,3.8,167
2024-03-10,1,169,1.37,131
2024-03-12,1,200,1.1,124
2024-03-13,2,445,2.56,132.5
2024-03-14,3,817,0.78,151.66666666666666
2024-03-15,2,215,1.7799999999999998,98
2024-03-16,1,676,4,159
2024-03-17,1,172,1.31,121
2024-03-19,3,767,NULL,148.66666666666666
2024-03-20,1,146,NULL,128
2024-03-23,3,773,NULL,139.66666666666666
2024-03-24,1,497,3.25,163
2024-03-27,2,503,NULL,156.5
2024-03-28,2,488,NULL,155
2024-04-01,4,856,0.66,139
2024-04-02,3,565,NULL,145
2024-04-03,4,498,0.48,132.25
2024-04-08,4,587,NULL,156
2024-04-10,4,624,NULL,121.25
2024-04-11,3,497,0.23,160.66666666666666
2024-04-14,1,712,4.64,168
2024-04-15,2,697,5.1499999999999995,127.5
2024-04-16,1,250,1.58,95
2024-04-19,1,461,3.47,150
2024-04-20,3,508,NULL,127.33333333333333
2024-04-21,1,499,2.75,139
2024-04-22,3,491,NULL,140.33333333333334
2024-04-24,4,814,NULL,147
2024-04-29,3,653,NULL,155.66666666666666
2024-04-30,2,582,NULL,151
2024-05-03,1,521,3.56,163
2024-05-05,2,803,NULL,152.5
2024-05-07,1,303,2.1,160
2024-05-08,2,355,0.06,134
2024-05-09,2,657,NULL,146
2024-05-11,1,719,4.79,160
2024-05-12,3,374,NULL,143.33333333333334
2024-05-13,2,541,4.67,NULL
2024-05-14,3,NULL,NULL,NULL
2024-05-16,2,NULL,NULL,NULL
2024-05-17,1,426,3.91,NULL
2024-05-18,2,461,NULL,150.5
2024-05-19,3,638,1.87,130
2024-05-24,4,888,NULL,150.5
2024-05-25,1,689,5.11,160
2024-05-27,1,427,3.02,113
2024-05-28,2,531,NULL,133
2024-05-31,2,87,0.93,NULL
2024-06-02,1,428,NULL,166
2024-06-03,4,444,NULL,111.5
2024-06-04,2,214,NULL,141
2024-06-05,1,NULL,NULL,93
2024-06-07,2,411,NULL,158
2024-06-09,1,116,NULL,100
2024-06-10,1,315,NULL,154
2024-06-11,1,463,3.5,153
2024-06-15,1,128,0.95,89
2024-06-16,3,561,NULL,134.33333333333334
2024-06-19,2,419,NULL,139.5
2024-07-06,3,614,NULL,128.33333333333334
2024-07-08,2,351,NULL,133.5
2024-07-09,2,477,NULL,128.5
2024-07-10,2,254,NULL,118
2024-07-13,3,237,NULL,136.33333333333334
2024-07-14,1,397,3.2,134
2024-07-20,1,288,1.89,115
2024-07-21,3,575,NULL,123
2024-07-24,2,417,NULL,141
2024-07-25,2,379,NULL,139.5
2024-07-26,2,382,NULL,127
2024-07-28,1,361,2.45,110
2024-07-29,1,514,NULL,156
2024-08-02,2,390,NULL,143
2024-08-03,1,367,NULL,122
2024-08-06,2,839,NULL,139.5
2024-08-07,2,551,NULL,142.5
2024-08-10,4,320,NULL,148.75
2024-08-11,1,555,NULL,154
2024-08-17,4,540,NULL,138.5
2024-08-22,3,386,NULL,119.33333333333333
2024-08-23,3,498,NULL,136
2024-08-24,5,642,0.85,124.6
2024-08-25,1,450,NULL,151
2024-08-26,2,613,NULL,158
2024-08-28,2,494,NULL,150.5
2024-08-29,3,370,NULL,129
2024-08-30,2,514,NULL,141
2024-08-31,1,301,NULL,117
2024-09-02,3,453,NULL,133.33333333333334
2024-09-03,2,448,NULL,146
2024-09-04,2,381,3.04,128.5
2024-09-08,2,525,NULL,151.5
2024-09-09,4,388,0.61,127.75
2024-09-10,2,550,NULL,147.5
2024-09-11,2,616,NULL,136.5
2024-09-12,3,696,NULL,129.66666666666666
2024-09-15,2,709,NULL,141.5
2024-09-18,3,831,NULL,143
2024-09-19,3,814,NULL,147.33333333333334
2024-09-20,1,197,NULL,104
2024-09-22,1,669,4.3,165
2024-09-23,3,493,NULL,138.33333333333334
2024-09-24,3,626,NULL,135.33333333333334
2024-09-25,3,580,4.2,130.33333333333334
2024-09-26,3,378,NULL,138.33333333333334
2024-09-28,1,NULL,5,NULL
2024-09-29,2,278,1.97,119.5
2024-09-30,2,370,NULL,142
2024-10-01,1,410,2.99,144
2024-10-02,1,322,3.14,107
2024-10-07,4,579,2.22,132.25
2024-10-08,3,395,NULL,132
2024-10-10,2,618,4.4799999999999995,127.5
2024-10-13,2,667,4.06,142
2024-10-14,4,825,0.73,141.75
2024-10-17,2,448,2.52,141
2024-10-18,3,529,NULL,127.66666666666667
2024-10-21,3,684,NULL,144
2024-10-24,2,468,NULL,145.5
2024-10-25,3,645,NULL,148
2024-10-26,2,568,3.72,131.5
2024-10-29,2,338,1.9,147
2024-11-01,3,657,NULL,146
2024-11-03,3,709,2.06,140
2024-11-04,1,775,5.18,139
2024-11-06,3,430,NULL,143.33333333333334
2024-11-10,4,825,NULL,141.5
2024-11-12,3,762,NULL,146
2024-11-17,1,164,NULL,114
2024-11-18,3,631,NULL,137
2024-11-21,3,536,NULL,129.33333333333334
2024-11-22,3,515,NULL,136
2024-11-23,3,882,NULL,153
2024-11-24,3,702,NULL,143
2024-11-25,3,552,NULL,145
2024-11-27,1,291,NULL,138
2024-11-30,2,772,NULL,136.5
2024-12-01,1,472,NULL,151
2024-12-02,2,383,NULL,142
2024-12-06,2,542,NULL,145.5
2024-12-07,1,489,3.46,161
2024-12-09,1,410,NULL,147
2024-12-10,2,544,NULL,140.5
2024-12-12,2,344,NULL,130.5
2024-12-13,2,756,5.02,140.5
2024-12-18,2,384,NULL,132.5
2024-12-20,1,591,0,166
2024-12-22,3,525,NULL,132.66666666666666
2024-12-23,3,718,NULL,134
2024-12-27,2,610,NULL,137.5
2024-12-28,1,629,4.77,140
2024-12-29,1,618,4.7,152
2024-12-30,3,498,NULL,139
2025-01-01,1,579,4.18,145
2025-01-02,2,461,NULL,140.5
2025-01-03,1,17,NULL,115
2025-01-04,2,512,3.9499999999999997,120
2025-01-05,3,610,NULL,128.66666666666666
2025-01-06,1,430,NULL,151
2025-01-08,3,529,NULL,131.66666666666666
2025-01-11,3,535,NULL,141
2025-01-12,3,592,NULL,128.66666666666666
2025-01-15,2,388,NULL,131.5
2025-01-17,3,1085,NULL,149.33333333333334
2025-01-19,3,519,NULL,129.66666666666666
2025-01-21,1,259,1.99,144
2025-01-24,2,444,NULL,121.5
2025-01-27,1,509,3.56,127
2025-01-28,3,627,NULL,139
2025-01-30,5,1074,2.77,136
2025-01-31,2,441,NULL,150
2025-02-01,1,366,NULL,131
2025-02-02,1,698,NULL,104
2025-02-03,3,573,NULL,146
2025-02-05,3,557,NULL,133.33333333333334
2025-02-07,2,588,NULL,136
2025-02-09,1,462,2.87,133
2025-02-10,1,481,NULL,160
2025-02-13,3,603,NULL,149.33333333333334
2025-02-15,3,654,NULL,129.66666666666666
2025-02-16,3,666,NULL,126.66666666666667
2025-02-18,2,637,NULL,140
2025-02-20,3,760,NULL,142
2025-02-21,3,717,4.75,109.66666666666667
2025-02-22,3,439,1.01,129
2025-02-25,3,692,NULL,133.66666666666666
2025-02-26,3,827,3.42,166
2025-02-28,1,414,NULL,154
2025-03-01,1,244,NULL,107
2025-03-02,1,173,NULL,129
2025-03-03,3,586,NULL,140.33333333333334
2025-03-05,3,903,NULL,141.66666666666666
2025-03-06,2,657,NULL,129.5
2025-03-08,2,708,NULL,134.5
2025-03-09,2,868,4.85,143
2025-03-10,1,239,NULL,127
2025-03-14,4,818,4.26,129.25
2025-03-19,2,546,NULL,138.5
2025-03-25,3,568,NULL,134.33333333333334
2025-03-27,3,543,NULL,151
2025-03-31,3,343,NULL,136.33333333333334
2025-04-05,1,484,2.89,125
2025-04-06,3,631,NULL,149.66666666666666
2025-04-08,1,418,2.87,161
2025-04-10,3,682,NULL,137.66666666666666
2025-04-13,1,196,NULL,112
2025-04-14,1,334,NULL,125
2025-04-18,3,909,NULL,146.66666666666666
2025-04-19,2,671,NULL,133.5
2025-04-20,1,415,3.16,158
2025-04-21,2,281,NULL,133
2025-04-22,3,384,NULL,129
2025-04-23,2,332,NULL,130
2025-04-25,1,392,NULL,149
2025-04-28,3,604,NULL,109.33333333333333
2025-04-30,1,442,NULL,159
2025-05-02,3,570,NULL,153
2025-05-03,3,352,NULL,122.66666666666667
2025-05-04,4,304,NULL,131
2025-05-06,3,571,NULL,140.33333333333334
2025-05-07,3,520,NULL,122
2025-05-09,3,964,NULL,132.66666666666666
2025-05-12,3,688,4.83,138
2025-05-14,3,452,NULL,129.66666666666666
2025-05-15,3,853,NULL,141
2025-05-19,2,425,NULL,128
2025-05-21,3,402,NULL,139.66666666666666
2025-05-22,3,470,NULL,120
2025-05-23,3,807,NULL,133.33333333333334
2025-05-24,3,438,NULL,110
2025-05-26,3,401,NULL,133
2025-05-28,1,454,2.7,158
2025-05-29,3,544,NULL,142
2025-06-05,3,529,NULL,142.33333333333334
2025-06-06,3,441,NULL,137.66666666666666
2025-06-10,3,609,NULL,133
2025-06-11,5,617,4.25,111.4
2025-06-16,1,324,NULL,113
2025-06-20,1,141,NULL,124
2025-06-21,3,367,NULL,133.33333333333334
2025-06-23,4,693,NULL,130
2025-06-24,4,416,NULL,114
2025-06-25,3,463,NULL,122.66666666666667
2025-06-28,4,449,NULL,114.5
2025-06-29,3,687,NULL,136
2025-06-30,4,403,NULL,129.25
2025-07-02,2,364,NULL,131.5
2025-07-03,3,430,NULL,129.33333333333334
2025-07-04,5,817,3.46,118
2025-07-08,3,540,NULL,137.33333333333334
2025-07-10,2,288,NULL,128.5
2025-07-12,2,304,NULL,134
2025-07-14,3,481,NULL,137
2025-07-15,1,206,NULL,116
2025-07-16,1,219,NULL,113
2025-07-17,2,307,NULL,123.5
2025-07-18,1,280,NULL,131
2025-07-20,2,348,NULL,106.5
2025-07-22,2,482,NULL,127
2025-07-24,2,394,NULL,135.5
2025-07-26,1,315,2.05,136
2025-07-27,1,804,5.49,155
2025-07-28,2,464,NULL,132
2025-07-30,3,419,NULL,129
2025-08-04,3,399,NULL,122
2025-08-05,2,320,NULL,116
2025-08-06,2,378,NULL,117.5
2025-08-07,2,657,NULL,136
2025-08-09,3,669,NULL,126.66666666666667
2025-08-10,2,220,0.02,129
2025-08-11,1,382,NULL,123
2025-08-13,2,364,NULL,128.5
2025-08-16,2,719,NULL,116
2025-08-17,1,161,NULL,113
2025-08-18,1,85,0.77,85
2025-08-22,3,598,NULL,132
2025-08-23,1,191,NULL,130
2025-08-25,2,293,NULL,125.5
2025-08-27,3,519,NULL,136
2025-08-29,3,528,NULL,125.33333333333333
2025-09-02,1,772,4.89,152
2025-09-03,1,309,NULL,118
2025-09-04,2,456,NULL,139
2025-09-06,1,NULL,8.67,107
2025-09-08,3,442,NULL,139
2025-09-09,1,152,NULL,110
2025-09-15,2,571,NULL,145.5
2025-09-16,2,311,0.19,92
2025-09-17,1,34,0.27,109
2025-09-22,2,766,NULL,146.5
2025-09-23,2,363,NULL,109.5
2025-09-29,2,376,NULL,121
2025-09-30,2,429,NULL,134
2025-10-04,2,647,NULL,137
2025-10-09,3,526,NULL,130
2025-10-10,1,692,4.76,155
2025-10-12,4,752,4.949999999999999,115
2025-10-14,3,505,NULL,140.33333333333334
2025-12-11,2,575,NULL,158
2025-12-12,1,117,1.08,117
2025-12-13,3,537,1.42,128.66666666666666
2025-12-14,2,345,NULL,140
2025-12-17,2,591,NULL,153.5
2025-12-20,2,463,NULL,133
2025-12-23,2,429,NULL,140.5
2025-12-29,1,324,NULL,151
2025-12-30,3,817,NULL,149
2026-01-02,1,344,NULL,145
2026-01-03,2,396,NULL,144.5
2026-01-05,1,261,NULL,123
2026-01-06,2,373,NULL,122
2026-01-15,1,524,NULL,166
2026-01-20,2,742,NULL,138.5
2026-01-22,3,635,NULL,137
2026-01-26,3,616,NULL,141.33333333333334
2026-01-27,2,410,NULL,131.5
2026-01-29,2,593,NULL,135
2026-02-14,2,271,NULL,118
2026-02-23,1,NULL,NULL,87
2026-02-27,3,728,NULL,143.33333333333334
2026-02-28,1,511,1.57,100
2026-03-04,1,383,NULL,161
2026-03-06,1,285,1.83,153
2026-03-07,3,312,2.82,92
2026-03-12,2,445,1.05,124.5
2026-03-17,3,598,NULL,151.66666666666666
2026-03-20,3,414,NULL,130
2026-03-22,1,662,5.09,141
2026-03-25,2,717,NULL,149.5
2026-03-31,2,365,NULL,132
2026-04-01,1,342,NULL,133
2026-04-03,3,139,1.19,89
2026-04-06,1,361,NULL,148
2026-04-07,1,139,1.29,86
2026-04-08,3,523,NULL,134.66666666666666
2026-04-09,3,576,4.1,144.66666666666666
2026-04-10,2,461,NULL,123.5
2026-04-13,1,170,1.65,81
2026-04-15,1,533,4.01,162
2026-04-22,3,334,NULL,117.33333333333333
2026-04-23,1,654,5.1,165
2026-04-26,3,646,NULL,134
2026-04-27,2,441,NULL,140.5
2026-04-29,2,495,3.8499999999999996,155
2026-05-01,3,601,NULL,154
2026-05-05,3,424,NULL,137.66666666666666
2026-05-06,4,701,1.84,133.25
2026-05-10,4,586,NULL,110
2026-05-13,3,733,NULL,151.66666666666666
2026-05-14,3,802,NULL,154.66666666666666
2026-05-15,3,591,NULL,145.33333333333334
2026-05-20,3,805,NULL,149
2026-05-21,2,562,NULL,146
2026-05-22,2,802,NULL,147.5
2026-05-28,2,295,NULL,125.5
2026-05-29,4,114,NULL,126
2026-06-01,1,405,NULL,102
2026-06-02,3,667,NULL,135.33333333333334
2026-06-04,4,520,NULL,145.5
2026-06-05,3,571,NULL,128
2026-06-06,1,153,1.23,114
2026-06-07,3,562,NULL,138.66666666666666
2026-06-08,3,409,NULL,135
2026-06-11,3,745,NULL,141
2026-06-13,3,473,NULL,130.66666666666666
2026-06-15,3,346,NULL,138.33333333333334
2026-06-16,2,566,4.57,128.5
2026-06-18,4,617,NULL,130
2026-06-24,3,320,NULL,123.66666666666667
