Date_Mass,Waist_in,Distance,Distance_7DayAvg,Distance_30DayAvg,Steps,Steps_7DayAvg,Steps_30DayAvg,ActiveCalories,ActiveCalories_7DayAvg,ActiveCalories_30DayAvg,ExerciseMinutes,ExerciseMinutes_7DayAvg,ExerciseMinutes_30DayAvg,FlightsClimbed,FlightsClimbed_7DayAvg,FlightsClimbed_30DayAvg,HeartRate,HeartRate_7DayAvg,HeartRate_30DayAvg,HRV,HRV_7DayAvg,HRV_30DayAvg,RespiratoryRate,RespiratoryRate_7DayAvg,RespiratoryRate_30DayAvg,VO2Max,VO2Max_7DayAvg,VO2Max_30DayAvg,WalkingHeartRate,WalkingHeartRate_7DayAvg,WalkingHeartRate_30DayAvg
2021-09-09,34,10.125688776,8.073727721000001,5.285852380206666,21572,17513.571428571428,11603.9,898.051,919.113,NULL,72,81.14285714285714,NULL,17,NULL,NULL,16061.1644,20181.306285714287,NULL,27.3633,37.05940595238095,NULL,NULL,NULL,NULL,26.08,NULL,NULL,116,95.57142857142856,NULL
2022-07-15,32.5,2.250505748,7.127820139000001,8.666026029460001,5164,15269.857142857143,19306,273.032,724.044,NULL,13,79.42857142857143,NULL,12,NULL,NULL,6759.3192,13099.808128571429,NULL,51.615950000000005,NULL,NULL,NULL,NULL,NULL,NULL,NULL,NULL,92,95.78571428571428,NULL
2022-08-29,32.5,2.586824406,1.4828250685714297,6.61969251335,5728,3293.714285714286,14695.966666666667,592.259,NULL,NULL,70,NULL,NULL,NULL,NULL,NULL,9220.244,NULL,NULL,56.343975,NULL,NULL,NULL,NULL,NULL,NULL,NULL,NULL,94,NULL,NULL
2022-09-25,33.3,3.635945093,4.144156608000001,3.995686836466666,8120,9025.57142857143,8692.066666666668,225.349,516.6345714285715,NULL,13,NULL,NULL,2,NULL,NULL,42419.8993,18319.812142857143,NULL,38.56953333333333,41.602860952380944,NULL,NULL,NULL,NULL,NULL,NULL,NULL,97.5,96.07142857142856,NULL
2023-07-01,39,4.072672884,3.846580249142858,3.278450218223333,9853,9113.714285714286,7452.066666666667,282.115,NULL,NULL,50,NULL,NULL,14,NULL,NULL,5999.89,NULL,NULL,NULL,NULL,NULL,NULL,NULL,NULL,28.97,NULL,NULL,115,NULL,NULL
2023-08-22,35.7,3.937861642,2.835585515142859,2.883828565366666,9483,6694.857142857143,6842.7,867.3290000000001,NULL,NULL,80,NULL,NULL,NULL,NULL,NULL,14136.826,NULL,NULL,48.63905,NULL,NULL,NULL,NULL,NULL,NULL,NULL,NULL,87,NULL,NULL
2023-08-30,32.5,1.13910681,3.201034802000002,2.9993172686033334,2655,7333.142857142857,7028.7,141.228,NULL,NULL,NULL,NULL,NULL,NULL,NULL,NULL,3148.0624,NULL,NULL,35.530766666666665,NULL,NULL,NULL,NULL,NULL,NULL,NULL,NULL,88,NULL,NULL
2023-08-31,36.06,2.983984184,3.0547029040000018,2.8608603509700004,6961,6962.857142857143,6679.633333333333,723.131,NULL,NULL,81,NULL,NULL,2,NULL,NULL,19417.9215,NULL,NULL,38.5117,NULL,NULL,22,NULL,NULL,NULL,NULL,NULL,116,NULL,NULL
2023-09-13,36.02,3.532668679,5.1777357168571445,3.67869152717,8344,11260.42857142857,8368.7,781.976,NULL,NULL,57,NULL,NULL,NULL,NULL,NULL,14845.0932,NULL,NULL,49.69298333333333,NULL,NULL,NULL,NULL,NULL,NULL,NULL,NULL,89,NULL,NULL
2023-09-29,36,1.14540034,3.641576103142859,3.7637743762333336,2683,8613.42857142857,8621,106.912,NULL,NULL,4,NULL,NULL,2,NULL,NULL,2308.7434,NULL,NULL,34.4018,NULL,NULL,NULL,NULL,NULL,NULL,NULL,NULL,96,NULL,NULL
2024-04-01,35.4,2.166987228,1.2821014834285729,1.3932585928666663,4906,2954.285714285714,3101.766666666667,NULL,NULL,NULL,NULL,NULL,NULL,1,NULL,NULL,NULL,NULL,NULL,NULL,NULL,NULL,NULL,NULL,NULL,NULL,NULL,NULL,NULL,NULL,NULL
2024-08-28,35.81,0.883165165,1.2417536251428587,1.3479527389,2059,2764.1428571428573,3023.233333333333,NULL,NULL,NULL,NULL,NULL,NULL,1,NULL,NULL,NULL,NULL,NULL,NULL,NULL,NULL,NULL,NULL,NULL,NULL,NULL,NULL,NULL,NULL,NULL
2024-09-13,35.52,0.15228067,1.124783501428573,1.2324687789666666,331,2588.5714285714284,2824.766666666667,NULL,NULL,NULL,NULL,NULL,NULL,NULL,NULL,NULL,NULL,NULL,NULL,NULL,NULL,NULL,NULL,NULL,NULL,NULL,NULL,NULL,NULL,NULL,NULL
2024-09-28,34.72,5.011532277,3.25042034957143,1.8608013136333328,9939,7034.714285714285,4176.1,NULL,NULL,NULL,NULL,NULL,NULL,4,NULL,NULL,NULL,NULL,NULL,NULL,NULL,NULL,NULL,NULL,NULL,NULL,NULL,NULL,NULL,NULL,NULL
2024-11-23,32.19,1.016644127,1.386901581285716,1.6570213517,2346,3149.5714285714284,3699.033333333333,NULL,NULL,NULL,NULL,NULL,NULL,1,NULL,NULL,NULL,NULL,NULL,NULL,NULL,NULL,NULL,NULL,NULL,NULL,NULL,NULL,NULL,NULL,NULL
2024-12-28,33.49,4.94494854,1.5144128010000018,1.7222435219666667,9740,3218.5714285714284,3741.4,NULL,NULL,NULL,NULL,NULL,NULL,5,NULL,NULL,NULL,NULL,NULL,NULL,NULL,NULL,NULL,NULL,NULL,NULL,NULL,NULL,NULL,NULL,NULL
2024-12-29,32.92,4.5737,2.045081891000001,1.8705295246333336,9246,4263.571428571428,4040.433333333333,NULL,NULL,NULL,69,NULL,NULL,NULL,NULL,NULL,NULL,NULL,NULL,NULL,NULL,NULL,NULL,NULL,NULL,NULL,NULL,NULL,NULL,NULL,NULL
2025-02-05,32.803,0.59883524,1.304926265428573,1.3791046031666665,1386,2857.428571428572,3023.2,NULL,NULL,NULL,NULL,NULL,NULL,2,NULL,NULL,NULL,NULL,NULL,NULL,NULL,NULL,NULL,NULL,NULL,NULL,NULL,NULL,NULL,NULL,NULL
2025-02-06,32.61,0.75578262,0.9638264197142872,1.3669216985,1707,2189.1428571428573,2994.7,NULL,NULL,NULL,NULL,NULL,NULL,1,NULL,NULL,NULL,NULL,NULL,NULL,NULL,NULL,NULL,NULL,NULL,NULL,NULL,NULL,NULL,NULL,NULL
2025-02-21,31.68,5.43029454,1.9081611420000013,1.6733802667666668,11745,4208,3647.5,NULL,NULL,NULL,NULL,NULL,NULL,7,NULL,NULL,NULL,NULL,NULL,NULL,NULL,NULL,NULL,NULL,NULL,NULL,NULL,NULL,NULL,NULL,NULL
2025-05-28,33,3.26958399,1.1712481274285729,1.2283750953333334,6617,2528.1428571428573,2685.6666666666665,NULL,NULL,NULL,NULL,NULL,NULL,10,NULL,NULL,NULL,NULL,NULL,NULL,NULL,NULL,NULL,NULL,NULL,NULL,NULL,NULL,NULL,NULL,NULL
2025-07-30,32.53,0.9497947,1.940129184285716,1.2361715930333332,2462,4362.857142857143,2904.333333333333,60.248,219.5411428571429,109.9076,NULL,NULL,NULL,1,NULL,NULL,NULL,NULL,NULL,NULL,NULL,NULL,NULL,NULL,NULL,NULL,NULL,NULL,NULL,NULL,NULL
2025-08-02,32.53,1.295267252,1.6315796287142874,1.2818549931000005,3235,3700,3028.4,183.711,184.15842857142857,116.76216666666666,NULL,NULL,NULL,18,NULL,NULL,NULL,NULL,NULL,NULL,NULL,NULL,NULL,NULL,NULL,NULL,NULL,NULL,NULL,NULL,NULL
2025-10-14,31.73,0.71621113,2.077655505857144,1.2447615965333334,1792,4220.428571428572,2902.5333333333333,50.174,209.1709999999999,102.04846666666666,NULL,NULL,NULL,2,NULL,NULL,NULL,NULL,NULL,NULL,NULL,NULL,NULL,NULL,NULL,NULL,NULL,NULL,NULL,NULL,NULL
2026-04-28,31.73,1.18865165,3.4312534751428587,1.7816625591333335,2643,6948.428571428572,3769.8333333333335,212.307,491.1453856,201.7265899733333,NULL,NULL,NULL,NULL,NULL,NULL,49805,NULL,NULL,NULL,NULL,NULL,NULL,NULL,NULL,NULL,NULL,NULL,NULL,NULL,NULL
2026-06-10,33.54,1.26067557,2.934810076000001,2.504038105366667,2885,6367.428571428572,5598.033333333334,169.346,588.0863247714285,485.073280128,NULL,NULL,NULL,1,NULL,NULL,53634,53232.857142857145,NULL,NULL,NULL,NULL,NULL,NULL,NULL,NULL,NULL,NULL,NULL,NULL,NULL
2026-06-12,33.24,2.97597946,2.8549525322857154,2.5364270441666665,6605,6262.142857142857,5638.633333333333,496.86,543.4098040285713,487.5202334946667,NULL,NULL,NULL,2,NULL,NULL,58622,52819.857142857145,NULL,NULL,NULL,NULL,NULL,NULL,NULL,NULL,NULL,NULL,NULL,NULL,NULL
2026-06-25,32.89,NULL,NULL,NULL,NULL,NULL,NULL,NULL,NULL,NULL,NULL,NULL,NULL,NULL,NULL,NULL,NULL,NULL,NULL,NULL,NULL,NULL,NULL,NULL,NULL,NULL,NULL,NULL,NULL,NULL,NULL
