date,weight_lb,activeenergyburned_7day_sum,appleexercisetime_7day_sum,basalenergyburned_7day_sum,flightsclimbed_7day_sum,heartrate_7day_mean,heartratevariabilitysdnn_7day_mean,stepcount_7day_sum,walkingheartrateaverage_7day_mean,walkingspeed_7day_mean,walkingsteplength_7day_mean,avg_hr_7day_mean,avg_stride_length_7day_mean,bodybatterydrain_7day_mean,calories_7day_sum,distance_7day_sum,steps_7day_sum,totalascent_7day_sum,totaldescent_7day_sum,totalreps_7day_sum,totalsets_7day_sum,totaltime_7day_sum
2019-03-04,177.0,498.69,10.0,1849.24,1.0,75.42,42.55,8595.0,103.0,,,,,,,3.99,,,,,,
2019-07-04,176.899,3050.36,214.0,11757.78,26.0,95.37142857142857,36.11,46006.0,92.83333333333331,,,,,,,21.25,,,,,,
2019-07-08,176.599,2424.21,81.0,11952.930000000002,27.0,84.02857142857144,33.416,48784.0,92.6,,,,,,,22.910000000000004,,,,,,
2019-07-09,175.801,2517.91,83.0,12101.73,27.0,82.63571428571429,29.626,50327.0,93.375,,,,,,,23.65,,,,,,
2019-07-11,173.799,3010.0999999999995,93.0,12564.94,2.0,76.67714285714285,30.97,58107.0,93.5,,,,,,,27.86,,,,,,
2019-07-12,173.601,3165.1600000000003,89.0,12817.13,2.0,76.87714285714286,28.505714285714284,57658.0,99.33333333333331,,,,,,,27.61,,,,,,
2019-07-19,175.199,3228.54,102.0,12822.14,6.0,77.28285714285714,43.086666666666666,62475.0,99.25,,,,,,,29.41,,,,,,
2019-07-24,174.8,3472.72,151.0,12890.48,51.0,84.85857142857142,43.77333333333333,87348.0,103.625,,,,,,,41.14,,,,,,
2019-07-25,174.2,3337.0199999999995,147.0,12788.13,50.0,86.13,42.218,84264.0,103.66666666666669,,,,,,,39.81,,,,,,
2019-07-26,174.2,3140.61,141.0,12708.06,52.0,86.50857142857141,39.9875,77755.0,106.0,,,,,,,37.11000000000001,,,,,,
2019-07-27,176.5,3418.54,182.0,12700.22,64.0,90.06857142857143,36.5,81405.0,105.0,,,,,,,39.07,,,,,,
2019-07-29,174.0,3081.5,139.0,12488.97,24.0,84.96428571428571,40.592,71739.0,97.66666666666669,,,,,,,34.190000000000005,,,,,,
2019-07-31,173.2,3217.86,160.0,12473.87,25.0,85.62571428571428,35.87,70895.0,97.0,,,,,,,34.52,,,,,,
2019-11-13,171.8,2494.07,180.0,11575.33,39.0,101.48333333333332,33.185,49765.0,125.5,,,,,,,22.9,,,,,,
2021-07-28,190.001,4138.29,468.0,11658.21,39.0,106.53166666666668,39.502500000000005,58305.0,98.7,2.412857142857143,23.90142857142857,,,,,25.3,,,,,,
2021-08-28,191.2,1823.41,75.0,6418.68,35.0,93.29500000000002,23.19,49839.0,112.33333333333331,2.7085714285714286,25.125714285714285,,,,,22.55,,,,,,
2021-09-29,189.0,4852.460000000001,180.0,14272.12,82.0,75.81285714285714,49.22857142857144,94157.0,91.21428571428572,2.6442857142857146,25.518571428571427,,,,,42.8,,,,,,
2021-10-20,181.0,3426.49,163.0,12534.29,79.0,77.54857142857144,47.148,72261.0,104.33333333333331,2.855714285714286,26.618571428571425,,,,,32.78,,,,,,
2022-06-22,172.4,6430.71,676.0,10561.48,118.0,100.8442857142857,36.4925,163523.0,95.75,2.6014285714285714,24.31571428571428,,,,,73.02999999999999,,,,,,
2022-07-24,174.0,5119.799999999999,485.0,12867.67,243.0,84.22714285714287,38.04571428571428,96212.0,103.92857142857144,2.7414285714285715,25.49,,,,,43.32,,,,,,
2022-09-22,169.0,2325.7,229.0,11303.6,40.0,88.79,39.42166666666666,42435.0,93.0,2.623333333333333,24.12,,,,,19.51,,,,,,
2022-11-30,174.0,3664.13,406.0,11435.79,61.0,107.50166666666668,31.912,67778.0,100.16666666666669,2.662857142857143,24.262857142857143,,,,,33.04,,,,,,
2022-12-01,178.0,4099.4400000000005,451.0,11538.59,61.0,109.04333333333334,32.582,73005.0,100.83333333333331,2.6385714285714283,24.335714285714285,,,,,35.44,,,,,,
2022-12-02,176.9,4909.17,530.0,11916.85,61.0,108.88,38.16666666666666,80414.0,99.64285714285714,2.64,24.347142857142853,,,,,39.06,,,,,,
2022-12-07,175.4,3967.71,419.0,11745.31,1.0,106.18285714285716,48.25666666666666,47706.0,105.42857142857144,2.531428571428571,23.74285714285714,,,,,22.45,,,,,,
2022-12-08,175.7,3529.19,376.0,11572.04,2.0,101.06285714285714,56.571666666666665,42697.0,101.42857142857144,2.544285714285714,23.888571428571428,,,,,20.09,,,,,,
2022-12-29,172.7,4467.200000000001,441.0,12301.96,9.0,88.51666666666667,48.501666666666665,66589.0,88.83333333333333,2.628571428571429,24.371428571428567,,,,,33.93,,,,,,
2023-02-06,174.8,3908.51,325.0,11932.0,,90.70166666666668,48.076,46172.0,98.2,2.588571428571428,23.752857142857145,,,,,19.66,,,,,,
2023-08-23,190.1,2266.53,212.0,11407.91,14.0,90.1675,43.01499999999999,39231.0,96.5,2.6028571428571428,23.93285714285714,,,,,16.64,,,,,,
2024-01-29,195.0,,,,31.0,,,28039.0,,2.73,25.040000000000003,143.25,0.77,-7.5,1604.0,3.64,72.0,328.0,112.0,36.0,10.0,157.95
2024-04-01,193.0,,,,8.0,,,20680.0,,2.627142857142857,25.14142857142857,150.16666666666666,0.69,-8.0,1847.0,0.66,152.0,5.0,6.0,76.0,16.0,176.48000000000002
2024-05-27,191.0,,,,35.0,,,28193.0,,2.7157142857142857,25.72714285714286,141.16666666666666,0.735,-19.5,2004.0,8.13,216.0,678.0,671.0,108.0,15.0,223.11
2024-08-04,205.8,,,,17.0,,,21349.0,,2.645,25.255,140.33333333333334,,-10.666666666666666,1271.0,9.51,,,,,3.0,156.69
2024-08-07,196.0,,,,33.0,,,28281.0,,2.736666666666667,25.223333333333333,132.125,,-8.75,1344.0,12.7,188.0,,,94.0,20.0,150.41
2024-08-11,197.2,,,,26.0,,,39472.0,,2.78,25.89,141.9575,,-5.25,1459.0,17.97,188.0,,,94.0,23.0,138.17000000000002
2024-08-28,195.6,,,,5.0,,,19349.0,,2.521428571428572,24.3,139.905,0.75,-7.166666666666667,3083.0,0.85,452.0,9.0,3.0,226.0,47.0,385.04
2024-09-19,193.1,,,,6.0,,,22818.0,,2.7,25.87,143.94333333333336,,-11.333333333333334,2354.0,10.0,410.0,,,282.0,41.0,269.44
2024-10-05,192.2,,,,13.0,,,32592.0,,2.635714285714286,24.94,128.375,0.9466666666666668,-5.0,1798.0,8.1,200.0,347.0,362.0,100.0,11.0,250.69
2024-11-24,189.2,,,,5.0,,,23718.0,,2.708571428571428,25.705714285714286,139.666,,-8.8,3266.0,10.47,1632.0,,,508.0,66.0,363.43
2024-12-28,186.4,,,,15.0,,,22530.0,,2.625714285714286,26.137142857142862,136.0425,0.83,-8.5,2482.0,4.77,624.0,189.0,190.0,377.0,44.0,312.5
2025-01-07,186.0,,125.0,,6.0,,,28368.0,,2.731428571428572,26.091428571428573,133.36166666666665,0.745,-7.25,2609.0,8.129999999999999,1018.0,316.0,315.0,172.0,28.0,318.93
2025-01-29,181.8,,,,12.0,,,26869.0,,2.697142857142857,26.332857142857144,129.16666666666666,0.87,-7.0,1580.0,3.56,196.0,159.0,139.0,98.0,14.0,196.45
2025-02-21,181.6,,,,15.0,,,29456.0,,2.65,25.794285714285717,132.06799999999998,0.84,-8.4,3409.0,4.58,520.0,211.0,210.0,260.0,41.0,403.35
2025-05-28,184.6,,,,13.0,,,17697.0,,2.5042857142857144,24.65,130.866,0.82,-7.6,2570.0,2.7,1762.0,120.0,111.0,427.0,61.0,378.8200000000001
2025-07-30,184.6,1536.7900000000002,,11139.42,82.0,,,30540.0,,2.7,25.785714285714285,133.125,0.8,-6.0,1592.0,2.05,334.0,382.0,395.0,167.0,28.0,214.11
2025-10-14,177.2,1464.2100000000005,,11032.31,21.0,,,29543.0,,2.7214285714285715,25.648571428571437,137.5825,0.905,-10.25,2457.0,9.53,852.0,370.0,385.0,73.0,23.0,310.25
2025-12-11,175.6,432.0,,10718.04,4.0,,,14966.0,,2.4766666666666666,24.986666666666665,158.0,,-8.0,575.0,6.199999999999999,250.0,,,125.0,14.0,54.13
2026-04-28,173.2,3438.03,,23627.56,3.0,80.70666666666666,,48639.0,,2.577142857142857,25.14,139.20749999999998,0.84,-12.0,2075.0,5.1,582.0,201.0,202.0,291.0,43.0,265.15
2026-05-15,173.195,3762.61,,23267.39,7.0,76.45666666666666,,38107.0,,2.4916666666666667,24.218333333333334,140.4175,,-13.25,2712.0,18.05,764.0,,,406.0,60.0,337.71000000000004
2026-06-10,177.4,4116.61,,23187.21,8.0,75.72714285714285,,44572.0,,2.657142857142857,25.04142857142857,132.23399999999998,1.01,-8.2,2215.0,1.23,710.0,51.0,120.0,389.0,55.0,297.29
2026-06-12,175.6,3803.87,,23306.13,8.0,75.24428571428572,,43835.0,,2.684285714285714,25.40285714285714,132.1675,1.01,-10.5,1869.0,1.23,654.0,51.0,120.0,360.0,48.0,264.58
2026-06-25,178.0,,,,,,,,,,,123.67,,-3.0,320.0,,176.0,,,88.0,7.0,49.03
