Activity Type,Date,Title,Distance,Calories,Total Time,Avg HR,Max HR,Avg Speed,Max Speed,Total Ascent,Total Descent,Avg Stride Length,Steps,Total Reps,Total Sets,Body Battery Drain
Cardio,2026-06-24 22:33:15,Cardio,,168.0,22.52,133.0,158.0,,,,,,,,,-2.0
Strength Training,2026-06-24 22:08:33,Strength,,128.0,22.28,120.0,152.0,,,,,,176.0,88.0,6.0,-1.0
Yoga,2026-06-24 22:04:07,Yoga,,24.0,4.23,118.0,131.0,,,,,,,,1.0,
Cardio,2026-06-18 18:44:39,Cardio,,311.0,42.8,137.0,167.0,,,,,,,,,-7.0
Strength Training,2026-06-18 18:17:23,Strength,,230.0,27.13,145.0,172.0,,,,,,72.0,36.0,7.0,-6.0
Yoga,2026-06-18 18:11:56,Yoga,,47.0,5.37,143.0,155.0,,,,,,,,2.0,-1.0
Yoga,2026-06-18 00:00:27,Yoga,,29.0,9.0,95.0,121.0,,,,,,,,1.0,-1.0
Running,2026-06-16 18:31:33,Santa Cruz County Running,4.57,526.0,81.03,132.0,183.0,,,16.0,11.0,0.82,,,,-8.0
Yoga,2026-06-16 18:24:08,Yoga,,40.0,5.82,125.0,139.0,,,,,,,,1.0,-1.0
Cardio,2026-06-15 23:12:10,Cardio,,132.0,14.77,144.0,165.0,,,,,,,,,-1.0
Strength Training,2026-06-15 22:46:47,Strength,,162.0,20.87,137.0,163.0,,,,,,52.0,26.0,5.0,-2.0
Yoga,2026-06-15 22:39:31,Yoga,,52.0,7.14,134.0,156.0,,,,,,,,1.0,-1.0
Cardio,2026-06-13 20:23:19,Cardio,,244.0,33.55,138.0,170.0,,,,,,,,,-5.0
Strength Training,2026-06-13 19:47:31,Strength,,212.0,34.78,127.0,167.0,,,,,,230.0,115.0,16.0,-5.0
Yoga,2026-06-13 19:45:03,Yoga,,17.0,2.3,127.0,134.0,,,,,,,,1.0,
Cardio,2026-06-11 23:04:43,Cardio,,337.0,40.27,151.0,185.0,,,,,,,,,-7.0
Strength Training,2026-06-11 22:12:28,Strength,,325.0,50.38,132.0,169.0,,,,,,150.0,108.0,12.0,-8.0
Yoga,2026-06-11 22:02:12,Yoga,,83.0,10.17,140.0,161.0,,,,,,,,1.0,-7.0
Cardio,2026-06-08 23:19:46,Cardio,,118.0,15.25,138.0,169.0,,,,,,,,,-2.0
Strength Training,2026-06-08 22:40:45,Strength,,213.0,31.38,132.0,169.0,,,,,,200.0,100.0,12.0,-3.0
Yoga,2026-06-08 22:30:27,Yoga,,78.0,10.2,135.0,166.0,,,,,,,,3.0,-1.0
Cardio,2026-06-07 21:08:26,Cardio,,238.0,30.15,143.0,172.0,,,,,,,,,-5.0
Strength Training,2026-06-07 20:21:30,Strength,,290.0,44.13,134.0,185.0,,,,,,304.0,152.0,19.0,-6.0
Yoga,2026-06-07 20:17:15,Yoga,,34.0,4.07,139.0,153.0,,,,,,,,1.0,-2.0
Running,2026-06-06 20:11:05,Monterey County Running,1.23,153.0,28.58,114.0,164.0,,,51.0,120.0,1.01,,,,-1.0
Cardio,2026-06-05 21:04:08,Cardio,,275.0,30.22,153.0,178.0,,,,,,,,,-4.0
Strength Training,2026-06-05 20:22:26,Strength,,285.0,41.55,136.0,182.0,,,,,,82.0,75.0,9.0,-5.0
Yoga,2026-06-05 20:18:04,Yoga,,11.0,3.63,95.0,109.0,,,,,,,,2.0,
Strength Training,2026-06-04 17:44:04,Strength,,104.0,14.05,132.0,185.0,,,,,,124.0,62.0,6.0,-2.0
Yoga,2026-06-04 17:38:20,Yoga,,40.0,4.83,138.0,154.0,,,,,,,,1.0,-1.0
Cardio,2026-06-04 17:00:40,Cardio,,337.0,35.0,162.0,201.0,,,,,,,,,-8.0
Yoga,2026-06-04 16:56:17,Yoga,,39.0,4.25,150.0,169.0,,,,,,,,2.0,-1.0
Cardio,2026-06-02 22:55:55,Cardio,,281.0,31.43,152.0,187.0,,,,,,,,,-5.0
Strength Training,2026-06-02 21:52:46,Strength,,359.0,59.38,132.0,170.0,,,,,,290.0,155.0,13.0,-6.0
Yoga,2026-06-02 21:47:38,Yoga,,27.0,4.39,122.0,160.0,,,,,,,,1.0,
Mixed Martial Arts,2026-06-01 16:28:56,Mixed Martial Arts,,405.0,113.73,102.0,152.0,,,,,,,,,-6.0
Cardio,2026-05-29 13:30:09,Cardio,,114.0,17.4,126.0,153.0,,,,,,,,,-2.0
Cardio,2026-05-29 13:25:35,Cardio,,,3.53,,,,,,,,,,,
Strength Training,2026-05-29 12:21:43,Strength,,,59.45,,,,,,,,252.0,126.0,14.0,
Yoga,2026-05-29 12:17:00,Yoga,,,3.58,,,,,,,,,,2.0,
Strength Training,2026-05-28 20:05:36,Strength,,232.0,40.87,123.0,155.0,,,,,,170.0,85.0,10.0,-3.0
Yoga,2026-05-28 19:49:48,Yoga,,63.0,9.03,128.0,152.0,,,,,,,,2.0,-1.0
Cardio,2026-05-22 13:03:00,Cardio,,447.0,51.17,154.0,182.0,,,,,,,,,-9.0
Strength Training,2026-05-22 12:12:58,Strength,,355.0,47.82,141.0,173.0,,,,,,314.0,157.0,13.0,-10.0
Cardio,2026-05-21 15:04:52,Cardio,,301.0,31.8,156.0,183.0,,,,,,,,,-6.0
Strength Training,2026-05-21 14:30:01,Strength,,261.0,34.72,136.0,167.0,,,,,,162.0,81.0,12.0,-5.0
Cardio,2026-05-20 14:58:44,Cardio,,410.0,41.53,161.0,182.0,,,,,,,,,-9.0
Strength Training,2026-05-20 14:15:31,Strength,,370.0,42.98,150.0,175.0,,,,,,118.0,59.0,14.0,-9.0
Yoga,2026-05-20 14:12:15,Yoga,,25.0,3.1,136.0,156.0,,,,,,,,1.0,-2.0
Cardio,2026-05-15 08:18:26,Cardio,,225.0,21.48,162.0,194.0,,,,,,,,,-5.0
Strength Training,2026-05-15 07:31:32,Strength,,280.0,43.55,133.0,170.0,,,,,,156.0,78.0,12.0,-5.0
Yoga,2026-05-15 07:21:17,Yoga,,86.0,10.1,141.0,165.0,,,,,,,,2.0,-2.0
Cardio,2026-05-14 07:47:42,Cardio,,406.0,39.15,166.0,196.0,,,,,,,,,-7.0
Strength Training,2026-05-14 07:03:48,Strength,,378.0,41.8,151.0,177.0,,,,,,252.0,126.0,15.0,-8.0
Yoga,2026-05-14 06:59:51,Yoga,,18.0,1.96,147.0,168.0,,,,,,,,1.0,
Cardio,2026-05-13 07:42:53,Cardio,,240.0,24.08,161.0,191.0,,,,,,,,,-4.0
Yoga,2026-05-13 07:35:24,Yoga,,65.0,7.26,146.0,162.0,,,,,,,,2.0,-1.0
Strength Training,2026-05-13 06:44:58,Strength,,428.0,50.27,148.0,172.0,,,,,,240.0,144.0,15.0,-7.0
Cardio,2026-05-10 21:23:13,Cardio,,324.0,53.75,131.0,177.0,,,,,,,,,-7.0
Strength Training,2026-05-10 20:44:58,Strength,,211.0,32.97,127.0,166.0,,,,,,116.0,58.0,11.0,-5.0
Yoga,2026-05-10 20:35:18,Yoga,,51.0,9.55,116.0,147.0,,,,,,,,2.0,-2.0
Meditation,2026-05-10 05:24:03,Meditation,,,1.79,66.0,85.0,,,,,,,,,
Cardio,2026-05-06 23:15:22,Cardio,,267.0,35.73,139.0,168.0,,,,,,,,,-6.0
Strength Training,2026-05-06 22:52:39,Strength,,141.0,18.1,137.0,161.0,,,,,,108.0,54.0,6.0,-3.0
Yoga,2026-05-06 22:35:46,Yoga,,68.0,12.38,118.0,152.0,,,,,,,,1.0,-3.0
Walking,2026-05-06 18:44:55,Santa Cruz County Walking,1.84,225.0,33.18,139.0,187.0,,,129.0,131.0,0.86,,,,-7.0
Cardio,2026-05-05 22:50:37,Cardio,,183.0,23.18,139.0,172.0,,,,,,,,,-4.0
Strength Training,2026-05-05 22:25:32,Strength,,199.0,24.88,143.0,168.0,,,,,,26.0,13.0,3.0,-5.0
Yoga,2026-05-05 22:06:25,Yoga,,42.0,5.91,131.0,178.0,,,,,,,,1.0,-2.0
Cardio,2026-05-01 23:05:34,Cardio,,363.0,37.6,160.0,181.0,,,,,,,,,-6.0
Strength Training,2026-05-01 22:44:38,Strength,,186.0,19.08,153.0,179.0,,,,,,120.0,60.0,6.0,-3.0
Yoga,2026-05-01 22:37:30,Yoga,,52.0,5.51,149.0,160.0,,,,,,,,1.0,-7.0
Running,2026-04-29 18:23:21,Santa Cruz County Running,1.92,260.0,27.65,155.0,190.0,,,155.0,,1.2,,,,-8.0
Running,2026-04-29 17:53:29,Santa Cruz County Running,1.93,235.0,26.18,155.0,192.0,,,,161.0,0.9,,,,-7.0
Cardio,2026-04-27 23:18:28,Cardio,,185.0,20.25,148.0,184.0,,,,,,,,,-3.0
Strength Training,2026-04-27 22:36:18,Strength,,256.0,37.33,133.0,169.0,,,,,,228.0,114.0,14.0,-5.0
Cardio,2026-04-26 18:38:06,Cardio,,295.0,34.15,150.0,182.0,,,,,,,,,-7.0
Strength Training,2026-04-26 17:51:31,Strength,,311.0,45.95,135.0,181.0,,,,,,256.0,128.0,16.0,-8.0
Yoga,2026-04-26 17:44:44,Yoga,,40.0,6.69,117.0,153.0,,,,,,,,1.0,-2.0
Running,2026-04-23 18:36:52,Santa Cruz County Running,5.1,654.0,68.63,165.0,193.0,,,201.0,202.0,0.84,,,,-17.0
Cardio,2026-04-22 22:52:12,Cardio,,242.0,30.1,143.0,175.0,,,,,,,,,-5.0
Strength Training,2026-04-22 22:18:05,Strength,,52.0,11.18,107.0,139.0,,,,,,98.0,49.0,10.0,
Yoga,2026-04-22 22:07:00,Yoga,,40.0,10.87,102.0,116.0,,,,,,,,2.0,-1.0
Running,2026-04-15 18:27:06,Santa Cruz County Running,4.01,533.0,53.85,162.0,195.0,,,156.0,163.0,0.88,,,,-12.0
Walking,2026-04-13 18:36:37,Santa Cruz County Walking,1.65,170.0,34.97,81.0,105.0,,,87.0,52.0,0.74,,,,-2.0
Cardio,2026-04-10 23:00:43,Cardio,,277.0,40.02,135.0,169.0,,,,,,,,,-3.0
Strength Training,2026-04-10 22:15:13,Strength,,184.0,39.82,112.0,166.0,,,,,,262.0,131.0,16.0,-7.0
Running,2026-04-09 15:35:38,Monterey County Running,3.94,530.0,52.93,169.0,198.0,,,139.0,142.0,0.85,,,,-12.0
Yoga,2026-04-09 15:32:31,Yoga,,27.0,2.8,146.0,153.0,,,,,,,,1.0,-1.0
Cardio,2026-04-08 23:04:32,Cardio,,179.0,20.1,144.0,183.0,,,,,,,,,-3.0
Cardio,2026-04-08 23:01:59,Cardio,,16.0,2.34,123.0,131.0,,,,,,100.0,,,
Strength Training,2026-04-08 22:07:01,Strength,,328.0,46.65,137.0,178.0,,,,,,198.0,99.0,13.0,-6.0
Walking,2026-04-07 14:02:33,Santa Cruz County Walking,1.29,139.0,29.05,86.0,108.0,,,97.0,90.0,0.87,,,,-3.0
Cardio,2026-04-06 21:41:56,Cardio,,361.0,42.98,148.0,182.0,,,,,,,,,-8.0
Walking,2026-04-03 17:55:29,San Francisco Walking,0.37,42.0,10.87,94.0,123.0,,,48.0,,0.8,804.0,,,
Walking,2026-04-03 11:30:14,San Francisco Walking,0.67,78.0,16.35,97.0,116.0,,,11.0,20.0,0.86,,,,-21.0
Strength Training,2026-04-01 17:24:07,Strength,,342.0,49.67,133.0,169.0,,,,,,138.0,74.0,18.0,-17.0
Cardio,2026-03-31 20:56:17,Cardio,,265.0,31.67,142.0,170.0,,,,,,,,,-5.0
Strength Training,2026-03-31 20:38:54,Strength,,100.0,15.58,122.0,147.0,,,,,,86.0,43.0,8.0,-1.0
Cardio,2026-03-25 22:40:46,Cardio,,359.0,35.87,158.0,182.0,,,,,,,,,-5.0
Strength Training,2026-03-25 21:54:35,Strength,,358.0,45.92,141.0,167.0,,,,,,338.0,169.0,19.0,-5.0
Running,2026-03-22 21:58:51,Monterey County Running,5.09,662.0,90.98,141.0,196.0,,,153.0,167.0,0.85,,,,-11.0
Cardio,2026-03-20 19:26:45,Cardio,,171.0,20.32,141.0,165.0,,,,,,,,,-4.0
Strength Training,2026-03-20 18:51:00,Strength,,204.0,30.77,126.0,176.0,,,,,,170.0,85.0,14.0,-5.0
Yoga,2026-03-20 18:43:54,Yoga,,39.0,6.07,123.0,144.0,,,,,,,,1.0,-1.0
Cardio,2026-03-17 16:05:04,Cardio,,334.0,31.7,162.0,185.0,,,,,,,,,-8.0
Strength Training,2026-03-17 15:41:21,Strength,,199.0,21.98,147.0,175.0,,,,,,84.0,42.0,9.0,-5.0
Yoga,2026-03-17 15:34:13,Yoga,,65.0,6.94,146.0,158.0,,,,,,,,1.0,-2.0
Strength Training,2026-03-12 22:28:55,Strength,,309.0,48.97,129.0,167.0,,,,,,290.0,171.0,24.0,-3.0
Walking,2026-03-12 18:23:51,Santa Cruz County Walking,1.05,136.0,23.65,120.0,147.0,,,78.0,62.0,0.78,,,,-2.0
Walking,2026-03-07 21:21:32,Santa Cruz Walking,0.35,37.0,8.15,86.0,101.0,,,,,0.82,820.0,,,
Walking,2026-03-07 21:01:22,Santa Cruz Walking,0.42,53.0,12.75,87.0,101.0,,,,,0.74,950.0,,,-1.0
Walking,2026-03-07 18:29:01,Santa Cruz Walking,2.05,222.0,46.67,103.0,138.0,,,89.0,74.0,0.87,,,,-3.0
Running,2026-03-06 16:37:06,Santa Cruz County Running,1.83,285.0,30.47,153.0,196.0,,,72.0,80.0,0.89,,,,-9.0
Cardio,2026-03-04 23:05:17,Cardio,,383.0,36.05,161.0,180.0,,,,,,,,,-6.0
Walking,2026-02-28 22:27:42,Carmel-by-the-Sea Walking,1.57,511.0,145.23,100.0,120.0,,,6.0,4.0,7.83,,,,-5.0
Cardio,2026-02-27 18:04:27,Cardio,,303.0,30.7,156.0,188.0,,,,,,,,,-5.0
Strength Training,2026-02-27 17:23:17,Strength,,353.0,40.67,146.0,176.0,,,,,,338.0,169.0,24.0,-6.0
Yoga,2026-02-27 17:13:06,Yoga,,72.0,9.74,128.0,157.0,,,,,,,,2.0,-1.0
Meditation,2026-02-23 21:26:18,Meditation,,,13.5,87.0,101.0,,,,,,,,,-1.0
Strength Training,2026-02-14 19:06:12,Strength,,234.0,36.72,126.0,173.0,,,,,,244.0,122.0,16.0,-8.0
Yoga,2026-02-14 18:58:56,Yoga,,37.0,7.13,110.0,152.0,,,,,,,,1.0,-2.0
Cardio,2026-01-29 20:01:10,Cardio,,229.0,29.05,138.0,195.0,,,,,,,,,-5.0
Strength Training,2026-01-29 19:05:52,Strength,,364.0,55.1,132.0,167.0,,,,,,114.0,57.0,12.0,-6.0
Cardio,2026-01-27 21:24:49,Cardio,,218.0,26.15,142.0,176.0,,,,,,,,,-3.0
Strength Training,2026-01-27 20:45:05,Strength,,192.0,32.1,121.0,163.0,,,,,,84.0,42.0,6.0,-2.0
Cardio,2026-01-26 21:08:33,Cardio,,424.0,46.0,155.0,180.0,,,,,,,,,-9.0
Yoga,2026-01-26 21:05:35,Yoga,,25.0,2.82,139.0,149.0,,,,,,,,1.0,
Strength Training,2026-01-26 20:39:51,Strength,,167.0,22.98,130.0,156.0,,,,,,184.0,92.0,9.0,-2.0
Cardio,2026-01-22 23:02:38,Cardio,,414.0,45.47,151.0,175.0,,,,,,,,,-7.0
Yoga,2026-01-22 22:51:56,Yoga,,66.0,8.35,132.0,153.0,,,,,,,,2.0,-1.0
Strength Training,2026-01-22 22:29:29,Strength,,155.0,22.33,128.0,159.0,,,,,,88.0,49.0,6.0,-1.0
Cardio,2026-01-20 22:27:07,Cardio,,387.0,43.05,151.0,184.0,,,,,,,,,-7.0
Strength Training,2026-01-20 21:25:27,Strength,,355.0,61.5,126.0,173.0,,,,,,206.0,103.0,15.0,-4.0
Cardio,2026-01-15 22:05:10,Cardio,,524.0,48.15,166.0,187.0,,,,,,,,,-1.0
Cardio,2026-01-06 21:29:28,Cardio,,249.0,32.95,134.0,169.0,,,,,,,,,-3.0
Strength Training,2026-01-06 21:04:15,Strength,,124.0,24.97,110.0,144.0,,,,,,100.0,50.0,9.0,-1.0
Cardio,2026-01-05 22:13:56,Cardio,,261.0,42.75,123.0,158.0,,,,,,,,,-3.0
Cardio,2026-01-03 17:44:35,Cardio,,197.0,20.03,153.0,179.0,,,,,,,,,-6.0
Strength Training,2026-01-03 17:18:44,Strength,,199.0,24.55,136.0,170.0,,,,,,70.0,35.0,4.0,-5.0
Cardio,2026-01-02 21:00:10,Cardio,,344.0,43.2,145.0,179.0,,,,,,,,,-5.0
Cardio,2025-12-30 21:03:37,Cardio,,494.0,46.85,163.0,187.0,,,,,,,,,-8.0
Cardio,2025-12-30 21:00:42,Cardio,,26.0,2.74,144.0,153.0,,,,,,30.0,,,-1.0
Strength Training,2025-12-30 20:23:28,Strength,,297.0,35.32,140.0,176.0,,,,,,88.0,44.0,12.0,-5.0
Cardio,2025-12-29 22:05:26,Cardio,,324.0,35.05,151.0,183.0,,,,,,,,,-5.0
Cardio,2025-12-23 20:46:37,Cardio,,192.0,20.27,149.0,179.0,,,,,,,,,-3.0
Strength Training,2025-12-23 20:11:10,Strength,,237.0,33.2,132.0,164.0,,,,,,172.0,86.0,10.0,-3.0
Cardio,2025-12-20 21:18:25,Cardio,,214.0,22.23,150.0,170.0,,,,,,,,,-4.0
Strength Training,2025-12-20 20:31:35,Strength,,249.0,42.35,116.0,159.0,,,,,,86.0,43.0,11.0,-4.0
Cardio,2025-12-17 20:37:48,Cardio,,226.0,19.92,167.0,185.0,,,,,,,,,-4.0
Strength Training,2025-12-17 19:48:04,Strength,,365.0,48.35,140.0,169.0,,,,,,226.0,113.0,14.0,-5.0
Cardio,2025-12-14 18:48:04,Cardio,,133.0,13.47,148.0,166.0,,,,,,,,,-3.0
Strength Training,2025-12-14 18:13:38,Strength,,212.0,28.82,132.0,166.0,,,,,,52.0,26.0,12.0,-3.0
Walking,2025-12-13 22:18:53,Monterey County Walking,1.42,158.0,27.2,118.0,135.0,,,67.0,63.0,0.78,,,,-1.0
Cardio,2025-12-13 21:41:26,Cardio,,348.0,37.2,153.0,186.0,,,,,,,,,-5.0
Yoga,2025-12-13 21:35:54,Yoga,,31.0,5.39,115.0,125.0,,,,,,,,1.0,-1.0
Walking,2025-12-12 17:42:27,Monterey County Walking,1.08,117.0,21.72,117.0,144.0,,,,,0.74,,,,-1.0
Cardio,2025-12-11 20:28:10,Cardio,,334.0,29.83,165.0,182.0,,,,,,,,,-5.0
Strength Training,2025-12-11 20:03:40,Strength,,241.0,24.3,151.0,180.0,,,,,,250.0,125.0,14.0,-3.0
Cardio,2025-10-14 21:03:56,Cardio,,244.0,35.6,136.0,181.0,,,,,,,,,-5.0
Yoga,2025-10-14 21:01:12,Yoga,,28.0,2.56,156.0,168.0,,,,,,,,1.0,-1.0
Strength Training,2025-10-14 20:27:04,Strength,,233.0,34.0,129.0,161.0,,,,,,108.0,55.0,11.0,-3.0
Running,2025-10-12 18:24:08,Monterey County Running,0.69,157.0,25.52,122.0,157.0,,,16.0,11.0,0.99,,,,-1.0
Running,2025-10-12 17:20:49,Monterey County Running,4.08,559.0,58.9,155.0,193.0,,,163.0,188.0,0.88,,,,-10.0
Yoga,2025-10-12 17:16:06,Yoga,,18.0,4.52,98.0,116.0,,,,,,,,2.0,
Running,2025-10-10 17:43:22,Monterey County Running,4.76,692.0,77.57,155.0,199.0,,,191.0,186.0,0.87,,,,-14.0
Cardio,2025-10-09 21:53:46,Cardio,,263.0,25.08,157.0,186.0,,,,,,,,,-5.0
Strength Training,2025-10-09 21:25:32,Strength,,123.0,24.3,110.0,147.0,,,,,,36.0,18.0,9.0,-1.0
Cardio,2025-10-09 21:03:10,Cardio,,140.0,22.2,123.0,160.0,,,,,,708.0,,,-1.0
Cardio,2025-10-04 15:35:08,Cardio,,280.0,28.58,150.0,174.0,,,,,,,,,-5.0
Strength Training,2025-10-04 14:21:26,Strength,,367.0,65.43,124.0,157.0,,,,,,264.0,132.0,11.0,-6.0
Cardio,2025-09-30 21:32:36,Cardio,,219.0,21.75,151.0,178.0,,,,,,,,,-3.0
Strength Training,2025-09-30 20:54:22,Strength,,210.0,34.28,117.0,153.0,,,,,,132.0,66.0,13.0,-3.0
Cardio,2025-09-29 22:06:19,Cardio,,368.0,37.23,153.0,185.0,,,,,,,,,-5.0
Yoga,2025-09-29 22:03:01,Yoga,,8.0,3.18,89.0,95.0,,,,,,,,2.0,
Cardio,2025-09-23 23:44:09,Cardio,,139.0,20.67,126.0,180.0,,,,,,,,,-1.0
Strength Training,2025-09-23 22:36:25,Strength,,224.0,66.12,93.0,128.0,,,,,,160.0,80.0,15.0,-2.0
Cardio,2025-09-22 20:52:03,Cardio,,425.0,40.23,160.0,194.0,,,,,,,,,-7.0
Strength Training,2025-09-22 20:00:37,Strength,,341.0,45.02,133.0,180.0,,,,,,130.0,65.0,7.0,-6.0
Walking,2025-09-17 15:46:04,Monterey County Walking,0.27,34.0,7.81,109.0,120.0,,,,3.0,1.08,538.0,,,
Strength Training,2025-09-16 19:32:58,Strength,,291.0,58.32,113.0,154.0,,,,,,244.0,122.0,14.0,-4.0
Cardio,2025-09-15 20:14:05,Cardio,,337.0,31.88,160.0,186.0,,,,,,,,,-6.0
Strength Training,2025-09-15 19:40:45,Strength,,234.0,30.32,131.0,164.0,,,,,,68.0,34.0,6.0,-4.0
Strength Training,2025-09-09 20:00:32,Strength,,152.0,30.42,110.0,144.0,,,,,,26.0,13.0,6.0,-2.0
Cardio,2025-09-08 22:44:46,Cardio,,183.0,18.48,149.0,178.0,,,,,,,,,
Yoga,2025-09-08 22:42:21,Yoga,,19.0,2.09,137.0,149.0,,,,,,,,1.0,
Strength Training,2025-09-08 22:08:00,Strength,,240.0,34.15,131.0,179.0,,,,,,210.0,105.0,15.0,
Walking,2025-09-06 13:03:23,Santa Cruz County Walking,8.67,,219.38,107.0,145.0,,,994.0,,0.79,,,,-12.0
Cardio,2025-09-04 21:52:46,Cardio,,145.0,15.47,142.0,174.0,,,,,,,,,
Strength Training,2025-09-04 21:12:35,Strength,,311.0,39.93,136.0,168.0,,,,,,50.0,25.0,13.0,
Strength Training,2025-09-03 21:24:28,Strength,,309.0,56.68,118.0,156.0,,,,,,202.0,101.0,17.0,-3.0
Cardio,2025-08-29 22:44:02,Cardio,,104.0,11.88,138.0,185.0,,,,,,,,,
Yoga,2025-08-29 22:33:38,Yoga,,34.0,6.3,111.0,138.0,,,,,,,,2.0,
Strength Training,2025-08-29 21:31:12,Strength,,390.0,62.27,127.0,165.0,,,,,,166.0,83.0,12.0,-4.0
Cardio,2025-08-27 22:15:21,Cardio,,218.0,23.07,145.0,175.0,,,,,,,,,
Yoga,2025-08-27 22:13:24,Yoga,,15.0,1.86,130.0,145.0,,,,,,,,1.0,
Strength Training,2025-08-27 21:34:07,Strength,,286.0,37.08,133.0,169.0,,,,,,94.0,47.0,9.0,-2.0
Cardio,2025-08-25 22:20:15,Cardio,,167.0,20.3,135.0,166.0,,,,,,,,,-1.0
Strength Training,2025-08-25 21:59:03,Strength,,126.0,20.97,116.0,142.0,,,,,,122.0,61.0,5.0,-1.0
Strength Training,2025-08-23 16:27:11,Strength,,191.0,25.45,130.0,167.0,,,,,,290.0,145.0,17.0,-3.0
Cardio,2025-08-22 18:44:16,Cardio,,240.0,24.82,149.0,179.0,,,,,,,,,-3.0
Yoga,2025-08-22 18:41:08,Yoga,,18.0,2.82,119.0,135.0,,,,,,,,1.0,
Strength Training,2025-08-22 17:48:26,Strength,,340.0,51.62,128.0,164.0,,,,,,232.0,116.0,11.0,-3.0
Walking,2025-08-18 00:04:02,Santa Cruz Walking,0.77,85.0,21.5,85.0,95.0,,,17.0,5.0,0.73,,,,-1.0
Strength Training,2025-08-17 15:50:35,Strength,,161.0,30.43,113.0,143.0,,,,,,102.0,51.0,9.0,-3.0
Strength Training,2025-08-16 09:07:54,Strength,,457.0,88.1,118.0,184.0,,,,,,356.0,178.0,19.0,-7.0
Cardio,2025-08-16 08:12:52,Yoga,,262.0,54.08,114.0,158.0,,,,,,,,1.0,-7.0
Cardio,2025-08-13 22:39:35,Cardio,,127.0,14.05,138.0,156.0,,,,,,,,,-2.0
Strength Training,2025-08-13 21:58:14,Strength,,237.0,41.12,119.0,156.0,,,,,,184.0,92.0,11.0,-2.0
Strength Training,2025-08-11 21:52:31,Strength,,382.0,64.93,123.0,169.0,,,,,,152.0,76.0,15.0,-6.0
Strength Training,2025-08-10 12:59:23,Strength,,197.0,33.82,119.0,159.0,,,,,,120.0,60.0,9.0,-2.0
Cardio,2025-08-09 14:57:16,Cardio,,303.0,35.65,142.0,178.0,,,,,,,,,-5.0
Yoga,2025-08-09 14:52:30,Yoga,,29.0,4.63,117.0,130.0,,,,,,,,1.0,
Strength Training,2025-08-09 13:53:15,Strength,,337.0,59.08,121.0,166.0,,,,,,166.0,83.0,14.0,-6.0
Cardio,2025-08-07 22:26:43,Cardio,,248.0,25.82,149.0,180.0,,,,,,,,,-4.0
Strength Training,2025-08-07 20:43:28,Strength,,409.0,74.07,123.0,164.0,,,,,,120.0,60.0,13.0,-5.0
Cardio,2025-08-06 19:56:59,Cardio,,201.0,29.32,130.0,178.0,,,,,,,,,-3.0
Strength Training,2025-08-06 19:11:09,Strength,,177.0,40.2,105.0,142.0,,,,,,146.0,73.0,8.0,-1.0
Cardio,2025-08-05 21:42:26,Cardio,,97.0,13.57,126.0,173.0,,,,,,906.0,,,-1.0
Strength Training,2025-08-05 20:46:59,Strength,,223.0,50.78,106.0,147.0,,,,,,206.0,103.0,9.0,-2.0
Cardio,2025-08-04 21:55:56,Cardio,,167.0,21.3,135.0,173.0,,,,,,,,,-3.0
Yoga,2025-08-04 21:51:29,Yoga,,19.0,3.24,116.0,138.0,,,,,,,,1.0,
Strength Training,2025-08-04 21:14:08,Strength,,213.0,37.17,115.0,159.0,,,,,,92.0,46.0,12.0,-2.0
Cardio,2025-07-30 21:48:27,Cardio,,204.0,23.48,140.0,172.0,,,,,,,,,-3.0
Yoga,2025-07-30 21:42:52,Yoga,,40.0,5.37,127.0,185.0,,,,,,,,3.0,-1.0
Strength Training,2025-07-30 21:14:34,Strength,,175.0,28.13,120.0,162.0,,,,,,120.0,60.0,9.0,-3.0
Strength Training,2025-07-28 19:40:37,Strength,,160.0,26.97,117.0,167.0,,,,,,66.0,33.0,6.0,-3.0
Cardio,2025-07-28 19:04:00,Cardio,,304.0,31.9,147.0,182.0,,,,,,,,,-6.0
Running,2025-07-26 18:08:17,Santa Clara County Running,2.05,315.0,41.53,136.0,192.0,,,382.0,395.0,0.8,,,,-3.0
Cardio,2025-07-24 19:12:13,Cardio,,124.0,12.58,148.0,172.0,,,,,,,,,-2.0
Strength Training,2025-07-24 18:27:09,Strength,,270.0,44.15,123.0,150.0,,,,,,148.0,74.0,10.0,-3.0
Cardio,2025-07-22 22:00:17,Cardio,,465.0,51.53,146.0,177.0,,,,,,,,,-6.0
Yoga,2025-07-22 21:57:13,Yoga,,17.0,2.9,108.0,129.0,,,,,,,,1.0,
Cardio,2025-07-20 15:38:42,Cardio,,124.0,24.93,107.0,141.0,,,,,,,,,-3.0
Strength Training,2025-07-20 14:48:02,Strength,,224.0,50.5,106.0,159.0,,,,,,152.0,76.0,11.0,-3.0
Strength Training,2025-07-18 18:20:01,Strength,,280.0,40.9,131.0,170.0,,,,,,156.0,78.0,10.0,-4.0
Cardio,2025-07-17 21:34:06,Cardio,,159.0,21.57,128.0,165.0,,,,,,,,,-2.0
Strength Training,2025-07-17 21:08:52,Strength,,148.0,24.43,119.0,145.0,,,,,,94.0,47.0,9.0,
Strength Training,2025-07-16 21:12:44,Strength,,219.0,41.03,113.0,154.0,,,,,,68.0,34.0,6.0,-3.0
Cardio,2025-07-15 22:05:35,Cardio,,206.0,36.97,116.0,158.0,,,,,,,,,-4.0
Cardio,2025-07-14 20:12:28,Cardio,,319.0,34.55,146.0,176.0,,,,,,,,,-6.0
Yoga,2025-07-14 20:09:11,Yoga,,26.0,3.15,130.0,142.0,,,,,,,,1.0,-1.0
Strength Training,2025-07-14 19:52:57,Strength,,136.0,16.03,135.0,164.0,,,,,,134.0,67.0,9.0,-2.0
Cardio,2025-07-12 21:17:02,Cardio,,290.0,31.33,147.0,176.0,,,,,,,,,
Yoga,2025-07-12 21:14:43,Yoga,,14.0,2.11,121.0,140.0,,,,,,,,2.0,
Cardio,2025-07-10 22:07:01,Cardio,,271.0,32.13,142.0,187.0,,,,,,,,,-3.0
Yoga,2025-07-10 22:04:08,Yoga,,17.0,2.77,115.0,125.0,,,,,,,,2.0,
Cardio,2025-07-08 22:19:36,Cardio,,254.0,25.77,150.0,191.0,,,,,,,,,-5.0
Yoga,2025-07-08 22:13:27,Yoga,,46.0,6.01,129.0,139.0,,,,,,,,2.0,-1.0
Strength Training,2025-07-08 21:41:16,Strength,,240.0,32.0,133.0,170.0,,,,,,110.0,55.0,9.0,-3.0
Running,2025-07-04 18:12:45,Monterey County Running,3.15,421.0,48.0,146.0,187.0,,,136.0,132.0,0.83,,,,-5.0
Yoga,2025-07-04 18:10:34,Yoga,,12.0,1.94,118.0,133.0,,,,,,,,1.0,
Strength Training,2025-07-04 13:15:43,Strength,,340.0,43.33,115.0,156.0,,,,,,258.0,129.0,18.0,-6.0
Indoor Rowing,2025-07-03 22:02:35,Indoor Rowing,,91.0,,137.0,150.0,,,,,,,,,-1.0
Yoga,2025-07-03 21:56:09,Yoga,,38.0,5.44,124.0,148.0,,,,,,,,1.0,
Strength Training,2025-07-03 21:09:57,Strength,,301.0,46.02,127.0,159.0,,,,,,132.0,66.0,11.0,-3.0
Cardio,2025-07-02 22:02:56,Cardio,,348.0,37.12,154.0,187.0,,,,,,,,,-5.0
Yoga,2025-07-02 21:59:34,Yoga,,16.0,3.06,109.0,130.0,,,,,,,,2.0,
Cardio,2025-06-30 22:36:58,Cardio,,150.0,19.95,131.0,168.0,,,,,,,,,
Indoor Rowing,2025-06-30 22:30:35,Indoor Rowing,,46.0,,137.0,148.0,,,,,,,,,
Yoga,2025-06-30 22:24:07,Yoga,,20.0,2.65,127.0,144.0,,,,,,,,1.0,
Strength Training,2025-06-30 21:53:58,Strength,,187.0,30.02,122.0,156.0,,,,,,204.0,102.0,12.0,-1.0
Cardio,2025-06-29 17:31:29,Cardio,,371.0,45.38,140.0,181.0,,,,,,,,,-6.0
Yoga,2025-06-29 17:18:25,Yoga,,49.0,5.79,136.0,155.0,,,,,,,,1.0,-2.0
Strength Training,2025-06-29 16:41:27,Strength,,267.0,36.78,132.0,163.0,,,,,,112.0,107.0,6.0,-4.0
Cardio,2025-06-28 19:00:59,Cardio,,193.0,24.43,136.0,173.0,,,,,,,,,-3.0
Yoga,2025-06-28 18:54:55,Yoga,,41.0,5.9,123.0,137.0,,,,,,,,1.0,
Strength Training,2025-06-28 18:19:48,Strength,,215.0,34.95,122.0,157.0,,,,,,204.0,102.0,14.0,-3.0
Breathwork,2025-06-28 14:29:28,Relax and Focus,,,1.89,77.0,85.0,,,,,,,,,
Cardio,2025-06-25 19:30:54,Cardio,,150.0,18.82,136.0,172.0,,,,,,,,,-3.0
Yoga,2025-06-25 19:26:24,Yoga,,25.0,4.25,114.0,136.0,,,,,,,,1.0,-1.0
Strength Training,2025-06-25 18:21:40,Strength,,288.0,54.88,118.0,155.0,,,,,,116.0,58.0,14.0,-4.0
Cardio,2025-06-24 20:22:54,Cardio,,173.0,18.97,143.0,178.0,,,,,,,,,-2.0
Yoga,2025-06-24 20:17:37,Yoga,,31.0,5.18,117.0,138.0,,,,,,,,1.0,-1.0
Strength Training,2025-06-24 19:36:23,Strength,,212.0,40.98,114.0,162.0,,,,,,152.0,76.0,9.0,-3.0
Breathwork,2025-06-24 11:18:37,Relax and Focus,,,2.18,82.0,95.0,,,,,,,,,
Cardio,2025-06-23 21:33:33,Cardio,,96.0,10.63,139.0,156.0,,,,,,888.0,,,-2.0
Indoor Rowing,2025-06-23 20:49:31,Indoor Rowing,,323.0,,134.0,160.0,,,,,,,,,-6.0
Yoga,2025-06-23 20:41:53,Yoga,,46.0,6.21,127.0,142.0,,,,,,,,1.0,-1.0
Strength Training,2025-06-23 20:02:26,Strength,,228.0,39.28,120.0,157.0,,,,,,164.0,82.0,13.0,-4.0
Cardio,2025-06-21 16:56:05,Cardio,,114.0,12.18,144.0,170.0,,,,,,,,,-1.0
Yoga,2025-06-21 16:51:47,Yoga,,31.0,4.12,128.0,140.0,,,,,,,,2.0,-1.0
Strength Training,2025-06-21 16:19:10,Strength,,222.0,32.08,128.0,154.0,,,,,,182.0,91.0,15.0,-3.0
Strength Training,2025-06-20 19:41:11,Strength,,141.0,21.68,124.0,161.0,,,,,,92.0,46.0,5.0,-2.0
Strength Training,2025-06-16 20:57:12,Strength,,324.0,65.45,113.0,159.0,,,,,,82.0,41.0,9.0,-4.0
Running,2025-06-11 20:24:54,Monterey County Running,1.2,158.0,24.88,126.0,168.0,,,65.0,44.0,0.79,,,,-2.0
Walking,2025-06-11 20:07:47,Monterey County Walking,0.76,89.0,16.92,101.0,120.0,,,38.0,9.0,0.78,,,,-1.0
Running,2025-06-11 19:16:48,Monterey County Running,2.12,279.0,33.72,145.0,167.0,,,57.0,103.0,0.78,,,,-4.0
Yoga,2025-06-11 18:52:17,Yoga,,57.0,15.67,97.0,122.0,,,,,,,,2.0,-2.0
Cardio,2025-06-10 22:07:57,Cardio,,260.0,26.97,153.0,184.0,,,,,,,,,-4.0
Yoga,2025-06-10 21:55:32,Yoga,,51.0,8.31,118.0,145.0,,,,,,,,2.0,-1.0
Strength Training,2025-06-10 21:09:51,Strength,,298.0,44.17,128.0,170.0,,,,,,130.0,65.0,15.0,-4.0
Cardio,2025-06-06 17:10:29,Cardio,,131.0,11.83,160.0,179.0,,,,,,,,,-3.0
Yoga,2025-06-06 17:08:20,Yoga,,15.0,2.02,127.0,143.0,,,,,,,,1.0,
Strength Training,2025-06-06 16:20:53,Strength,,295.0,47.3,126.0,162.0,,,,,,194.0,97.0,15.0,-6.0
Cardio,2025-06-05 22:22:18,Cardio,,222.0,20.8,160.0,176.0,,,,,,,,,-4.0
Yoga,2025-06-05 22:17:13,Yoga,,42.0,4.95,138.0,164.0,,,,,,,,2.0,
Strength Training,2025-06-05 21:40:31,Strength,,265.0,36.55,129.0,178.0,,,,,,90.0,45.0,7.0,-4.0
Cardio,2025-05-29 22:05:11,Cardio,,233.0,21.85,157.0,175.0,,,,,,,,,-2.0
Yoga,2025-05-29 21:56:57,Yoga,,65.0,7.66,136.0,156.0,,,,,,,,1.0,-1.0
Strength Training,2025-05-29 21:23:59,Strength,,246.0,32.72,133.0,165.0,,,,,,250.0,125.0,17.0,-2.0
Running,2025-05-28 18:43:07,Monterey County Running,2.7,454.0,50.18,158.0,197.0,,,120.0,111.0,0.82,,,,-8.0
Cardio,2025-05-26 19:22:08,Cardio,,137.0,13.3,153.0,172.0,,,,,,,,,-2.0
Yoga,2025-05-26 19:18:32,Yoga,,25.0,3.37,126.0,143.0,,,,,,,,2.0,
Strength Training,2025-05-26 18:33:25,Strength,,239.0,41.68,120.0,152.0,,,,,,240.0,120.0,14.0,-2.0
Cardio,2025-05-24 17:11:28,Cardio,,80.0,14.2,113.0,165.0,,,,,,908.0,,,-2.0
Yoga,2025-05-24 17:08:26,Yoga,,13.0,2.88,102.0,120.0,,,,,,,,1.0,
Strength Training,2025-05-24 15:54:05,Strength,,345.0,68.43,115.0,159.0,,,,,,174.0,87.0,13.0,-7.0
Cardio,2025-05-23 18:31:37,Cardio,,396.0,43.25,150.0,173.0,,,,,,,,,-7.0
Yoga,2025-05-23 18:28:17,Yoga,,21.0,3.17,123.0,134.0,,,,,,,,1.0,
Strength Training,2025-05-23 17:23:48,Strength,,390.0,64.3,127.0,163.0,,,,,,104.0,52.0,14.0,-5.0
Cardio,2025-05-22 20:44:36,Cardio,,192.0,25.55,130.0,165.0,,,,,,,,,-2.0
Yoga,2025-05-22 20:40:29,Yoga,,21.0,4.04,112.0,119.0,,,,,,,,1.0,-1.0
Strength Training,2025-05-22 19:53:38,Strength,,257.0,44.47,118.0,156.0,,,,,,336.0,168.0,15.0,-2.0
Cardio,2025-05-21 22:27:40,Cardio,,269.0,25.23,162.0,182.0,,,,,,,,,-4.0
Yoga,2025-05-21 22:25:05,Yoga,,24.0,2.46,143.0,157.0,,,,,,,,1.0,
Strength Training,2025-05-21 22:06:13,Strength,,109.0,18.02,114.0,151.0,,,,,,98.0,49.0,7.0,-1.0
Indoor Rowing,2025-05-19 21:58:47,Indoor Rowing,,141.0,,131.0,153.0,,,,,,,,,-1.0
Strength Training,2025-05-19 21:09:36,Strength,,284.0,46.72,125.0,168.0,,,,,,66.0,33.0,9.0,-4.0
Cardio,2025-05-15 22:03:31,Cardio,,456.0,45.42,141.0,185.0,,,,,,,,,-7.0
Yoga,2025-05-15 22:00:03,Yoga,,30.0,3.27,139.0,147.0,,,,,,,,1.0,-1.0
Strength Training,2025-05-15 21:16:57,Strength,,367.0,42.97,143.0,177.0,,,,,,152.0,76.0,13.0,-6.0
Cardio,2025-05-14 21:20:15,Cardio,,251.0,29.32,146.0,183.0,,,,,,,,,-3.0
Yoga,2025-05-14 21:16:25,Yoga,,26.0,3.7,127.0,146.0,,,,,,,,1.0,
Strength Training,2025-05-14 20:42:58,Strength,,175.0,31.57,116.0,169.0,,,,,,156.0,78.0,10.0,-1.0
Running,2025-05-12 18:35:06,Monterey County Running,4.66,637.0,67.27,161.0,189.0,,,151.0,153.0,0.97,,,,-11.0
Yoga,2025-05-12 18:31:05,Yoga,,29.0,3.53,131.0,151.0,,,,,,,,1.0,-1.0
Cardio,2025-05-09 17:19:23,Cardio,,530.0,32.83,124.0,183.0,,,,,,,,,-8.0
Yoga,2025-05-09 17:09:46,Yoga,,52.0,6.39,134.0,145.0,,,,,,,,1.0,-1.0
Strength Training,2025-05-09 16:21:17,Strength,,382.0,47.17,140.0,168.0,,,,,,134.0,67.0,11.0,-6.0
Cardio,2025-05-07 21:39:55,Cardio,,320.0,35.48,145.0,179.0,,,,,,,,,-3.0
Yoga,2025-05-07 21:36:34,Yoga,,11.0,2.39,106.0,120.0,,,,,,,,1.0,
Strength Training,2025-05-07 20:58:27,Strength,,189.0,36.13,115.0,151.0,,,,,,102.0,51.0,6.0,-2.0
Cardio,2025-05-06 22:10:30,Cardio,,321.0,31.68,155.0,180.0,,,,,,,,,-5.0
Yoga,2025-05-06 22:07:29,Yoga,,24.0,2.89,130.0,145.0,,,,,,,,1.0,
Strength Training,2025-05-06 21:39:09,Strength,,226.0,27.98,136.0,167.0,,,,,,112.0,56.0,7.0,-3.0
Cardio,2025-05-04 17:40:52,Cardio,,107.0,9.56,158.0,174.0,,,,,,,,,-1.0
Yoga,2025-05-04 17:37:22,Yoga,,22.0,2.87,127.0,158.0,,,,,,,,1.0,
Strength Training,2025-05-04 17:23:19,Strength,,98.0,13.97,125.0,147.0,,,,,,12.0,6.0,3.0,-1.0
Strength Training,2025-05-04 17:09:59,Strength,,77.0,13.22,114.0,146.0,,,,,,10.0,5.0,2.0,-2.0
Cardio,2025-05-03 19:17:34,Cardio,,156.0,19.47,133.0,151.0,,,,,,,,,-1.0
Yoga,2025-05-03 19:14:58,Yoga,,15.0,2.49,116.0,142.0,,,,,,,,1.0,
Strength Training,2025-05-03 18:41:56,Strength,,181.0,30.95,119.0,153.0,,,,,,146.0,73.0,7.0,-1.0
Cardio,2025-05-02 21:21:32,Cardio,,351.0,32.1,160.0,176.0,,,,,,,,,-5.0
Yoga,2025-05-02 21:19:36,Yoga,,19.0,1.75,149.0,156.0,,,,,,,,1.0,
Strength Training,2025-05-02 20:58:36,Strength,,200.0,19.65,150.0,173.0,,,,,,136.0,68.0,6.0,-3.0
Cardio,2025-04-30 22:11:53,Cardio,,442.0,42.42,159.0,189.0,,,,,,,,,-4.0
Cardio,2025-04-28 23:02:10,Cardio,,322.0,65.77,114.0,167.0,,,,,,,,,-4.0
Yoga,2025-04-28 22:59:04,Yoga,,14.0,2.93,104.0,130.0,,,,,,,,1.0,
Strength Training,2025-04-28 22:01:20,Strength,,268.0,57.65,110.0,157.0,,,,,,232.0,116.0,15.0,-2.0
Cardio,2025-04-25 21:04:45,Cardio,,392.0,44.63,149.0,180.0,,,,,,,,,-6.0
Yoga,2025-04-23 22:25:44,Yoga,,31.0,3.86,133.0,154.0,,,,,,,,1.0,-2.0
Strength Training,2025-04-23 21:40:07,Strength,,301.0,45.52,127.0,166.0,,,,,,84.0,42.0,12.0,-4.0
Cardio,2025-04-22 22:24:16,Cardio,,232.0,25.93,146.0,174.0,,,,,,,,,-4.0
Yoga,2025-04-22 22:21:19,Yoga,,21.0,2.84,125.0,142.0,,,,,,,,1.0,
Strength Training,2025-04-22 21:57:04,Strength,,131.0,22.58,116.0,146.0,,,,,,74.0,37.0,6.0,-1.0
Cardio,2025-04-21 21:59:28,Cardio,,160.0,15.9,152.0,179.0,,,,,,,,,-2.0
Strength Training,2025-04-21 21:34:04,Strength,,121.0,21.43,114.0,155.0,,,,,,48.0,24.0,5.0,-1.0
Running,2025-04-20 17:18:57,Santa Cruz County Running,3.16,415.0,41.47,158.0,185.0,,,13.0,14.0,0.91,,,,-7.0
Cardio,2025-04-19 20:49:59,Cardio,,312.0,39.95,137.0,169.0,,,,,,,,,
Strength Training,2025-04-19 19:49:21,Strength,,359.0,55.55,130.0,167.0,,,,,,26.0,74.0,11.0,-3.0
Cardio,2025-04-18 14:32:41,Cardio,,475.0,50.1,155.0,185.0,,,,,,,,,-7.0
Yoga,2025-04-18 14:22:04,Yoga,,101.0,10.43,146.0,160.0,,,,,,,,1.0,-1.0
Strength Training,2025-04-18 13:40:12,Strength,,333.0,40.13,139.0,182.0,,,,,,212.0,106.0,15.0,-5.0
Strength Training,2025-04-14 17:46:27,Strength,,334.0,57.23,125.0,157.0,,,,,,250.0,125.0,11.0,-4.0
Strength Training,2025-04-13 14:22:16,Strength,,196.0,37.98,112.0,139.0,,,,,,176.0,88.0,10.0,-3.0
Cardio,2025-04-10 22:20:29,Cardio,,153.0,16.18,143.0,171.0,,,,,,,,,-2.0
Indoor Rowing,2025-04-10 22:03:13,Indoor Rowing,,103.0,,134.0,159.0,,,,,,,,,-1.0
Strength Training,2025-04-10 20:48:42,Strength,,426.0,58.5,136.0,171.0,,,,,,156.0,78.0,13.0,-5.0
Running,2025-04-08 17:52:11,Monterey County Running,2.87,418.0,43.22,161.0,199.0,,,129.0,112.0,0.86,,,,-6.0
Cardio,2025-04-06 18:56:42,Cardio,,264.0,23.45,167.0,189.0,,,,,,,,,-3.0
Yoga,2025-04-06 18:53:58,Yoga,,25.0,2.6,143.0,159.0,,,,,,,,1.0,
Strength Training,2025-04-06 18:11:48,Strength,,342.0,42.02,139.0,167.0,,,,,,188.0,94.0,12.0,-4.0
Walking,2025-04-05 14:13:18,Monterey County Walking,2.89,484.0,84.45,125.0,169.0,,,534.0,533.0,0.86,,,,-6.0
Cardio,2025-03-31 21:47:43,Cardio,,281.0,27.93,155.0,180.0,,,,,,,,,-4.0
Cardio,2025-03-31 21:33:37,Cardio,,19.0,2.24,134.0,173.0,,,,,,188.0,,,
Yoga,2025-03-31 21:26:51,Yoga,,43.0,6.6,120.0,137.0,,,,,,,,1.0,
Cardio,2025-03-27 21:13:03,Cardio,,233.0,22.87,160.0,190.0,,,,,,,,,-1.0
Yoga,2025-03-27 21:08:41,Yoga,,33.0,3.25,147.0,156.0,,,,,,,,1.0,
Strength Training,2025-03-27 20:32:45,Strength,,277.0,29.72,146.0,176.0,,,,,,50.0,25.0,5.0,
Cardio,2025-03-25 21:53:42,Cardio,,252.0,25.7,148.0,174.0,,,,,,,,,-3.0
Yoga,2025-03-25 21:46:38,Yoga,,49.0,6.92,125.0,147.0,,,,,,,,2.0,-1.0
Strength Training,2025-03-25 21:09:35,Strength,,267.0,36.8,130.0,160.0,,,,,,116.0,58.0,8.0,-2.0
Cardio,2025-03-19 21:43:30,Cardio,,532.0,46.12,170.0,187.0,,,,,,,,,-8.0
Yoga,2025-03-19 21:40:27,Yoga,,14.0,2.88,107.0,130.0,,,,,,,,2.0,
Walking,2025-03-14 17:45:22,Watsonville Walking,2.03,225.0,46.33,105.0,120.0,,,15.0,2.0,0.91,,,,-2.0
Walking,2025-03-14 17:06:14,Santa Cruz County Walking,1.22,158.0,26.57,118.0,174.0,,,17.0,7.0,0.81,,,,-1.0
Running,2025-03-14 16:55:35,Santa Cruz County Running,1.01,124.0,10.08,170.0,192.0,,,,5.0,1.11,,,,-1.0
Strength Training,2025-03-14 14:47:54,Strength,,311.0,51.73,124.0,164.0,,,,,,230.0,115.0,13.0,-4.0
Strength Training,2025-03-10 21:47:21,Strength,,239.0,34.65,127.0,157.0,,,,,,78.0,39.0,7.0,-3.0
Yoga,2025-03-09 18:06:12,Yoga,,43.0,5.71,123.0,149.0,,,,,,,,1.0,-1.0
Cardio,2025-03-08 19:22:08,Cardio,,321.0,34.73,143.0,176.0,,,,,,,,,-3.0
Strength Training,2025-03-08 18:15:53,Strength,,387.0,60.03,126.0,164.0,,,,,,258.0,129.0,18.0,-19.0
Indoor Rowing,2025-03-06 18:28:15,Indoor Rowing,,196.0,,133.0,154.0,,,,,,,,,-3.0
Strength Training,2025-03-06 17:01:40,Strength,,461.0,71.25,126.0,171.0,,,,,,232.0,116.0,15.0,-5.0
Cardio,2025-03-05 22:10:07,Cardio,,498.0,58.52,145.0,181.0,,,,,,,,,-3.0
Yoga,2025-03-05 22:05:59,Yoga,,40.0,3.94,143.0,153.0,,,,,,,,1.0,-1.0
Strength Training,2025-03-05 21:22:47,Strength,,365.0,43.0,137.0,174.0,,,,,,108.0,54.0,8.0,-2.0
Cardio,2025-03-03 22:06:58,Cardio,,390.0,36.45,154.0,181.0,,,,,,,,,-5.0
Yoga,2025-03-03 22:01:45,Yoga,,50.0,4.9,145.0,156.0,,,,,,,,1.0,
Strength Training,2025-03-03 21:38:36,Strength,,146.0,20.37,122.0,155.0,,,,,,46.0,23.0,5.0,-2.0
Cardio,2025-03-02 00:41:52,Cardio,,173.0,22.82,129.0,164.0,,,,,,,,,
Strength Training,2025-03-01 23:44:14,Strength,,244.0,52.35,107.0,139.0,,,,,,174.0,87.0,11.0,
Cardio,2025-02-28 19:11:24,Cardio,,414.0,39.4,154.0,180.0,,,,,,,,,-5.0
Running,2025-02-26 19:35:20,Watsonville Running,1.74,274.0,24.03,167.0,191.0,,,314.0,222.0,0.87,,,,-3.0
Strength Training,2025-02-26 19:05:35,Strength,,291.0,29.47,148.0,175.0,,,,,,132.0,66.0,8.0,-3.0
Running,2025-02-26 18:42:51,Watsonville Running,1.68,262.0,19.63,183.0,205.0,,,190.0,271.0,0.92,,,,-4.0
Cardio,2025-02-25 21:26:19,Cardio,,443.0,40.32,158.0,183.0,,,,,,,,,-5.0
Yoga,2025-02-25 21:23:03,Yoga,,24.0,3.02,126.0,138.0,,,,,,,,1.0,
Strength Training,2025-02-25 20:43:37,Strength,,225.0,35.22,117.0,156.0,,,,,,100.0,50.0,9.0,-3.0
Running,2025-02-22 19:34:48,Watsonville Running,1.01,180.0,16.92,150.0,182.0,,,32.0,,0.94,,,,-4.0
Yoga,2025-02-22 19:30:11,Yoga,,29.0,4.41,113.0,142.0,,,,,,,,1.0,-1.0
Strength Training,2025-02-22 18:56:24,Strength,,230.0,32.55,124.0,163.0,,,,,,108.0,54.0,7.0,-11.0
Running,2025-02-21 17:34:34,Monterey County Running,4.58,679.0,83.07,142.0,197.0,,,211.0,210.0,0.84,,,,-8.0
Yoga,2025-02-21 17:31:31,Yoga,,13.0,2.78,102.0,136.0,,,,,,,,1.0,
Cardio,2025-02-20 22:18:16,Cardio,,397.0,35.38,156.0,180.0,,,,,,,,,-5.0
Yoga,2025-02-20 22:15:35,Yoga,,24.0,2.52,136.0,146.0,,,,,,,,2.0,
Strength Training,2025-02-20 21:32:59,Strength,,339.0,42.37,134.0,173.0,,,,,,200.0,100.0,11.0,-4.0
Cardio,2025-02-18 21:57:38,Cardio,,614.0,56.72,160.0,187.0,,,,,,,,,-6.0
Yoga,2025-02-18 21:54:19,Yoga,,23.0,3.14,120.0,139.0,,,,,,,,2.0,
Cardio,2025-02-16 18:47:50,Cardio,,324.0,34.93,144.0,188.0,,,,,,,,,-5.0
Yoga,2025-02-16 18:40:58,Yoga,,52.0,6.68,124.0,144.0,,,,,,,,2.0,-1.0
Strength Training,2025-02-16 17:47:13,Strength,,290.0,52.07,112.0,152.0,,,,,,128.0,64.0,9.0,-4.0
Cardio,2025-02-15 18:05:52,Cardio,,300.0,31.7,143.0,172.0,,,,,,,,,-5.0
Yoga,2025-02-15 17:58:36,Yoga,,52.0,7.11,122.0,139.0,,,,,,,,1.0,-1.0
Strength Training,2025-02-15 17:10:08,Strength,,302.0,44.88,124.0,156.0,,,,,,192.0,96.0,13.0,-3.0
Strength Training,2025-02-13 22:25:34,Strength,,258.0,24.47,150.0,175.0,,,,,,118.0,71.0,8.0,-4.0
Cardio,2025-02-13 21:53:28,Cardio,,321.0,26.67,162.0,187.0,,,,,,,,,-4.0
Yoga,2025-02-13 21:50:43,Yoga,,24.0,2.57,136.0,147.0,,,,,,,,1.0,
Cardio,2025-02-10 22:07:53,Cardio,,481.0,41.58,160.0,180.0,,,,,,,,,-7.0
Running,2025-02-09 14:53:22,Monterey County Running,2.87,462.0,61.85,133.0,175.0,,,115.0,115.0,0.87,,,,-8.0
Cardio,2025-02-07 21:05:52,Cardio,,576.0,48.38,165.0,186.0,,,,,,,,,
Yoga,2025-02-07 21:03:20,Yoga,,12.0,2.38,107.0,127.0,,,,,,,,2.0,
Indoor Rowing,2025-02-05 22:17:53,Indoor Rowing,,145.0,,128.0,162.0,,,,,,,,,-2.0
Strength Training,2025-02-05 21:38:35,Strength,,256.0,39.02,124.0,168.0,,,,,,32.0,16.0,10.0,-2.0
Cardio,2025-02-05 21:22:32,Cardio,,156.0,14.68,148.0,194.0,,,,,,,,,-3.0
Cardio,2025-02-03 19:17:17,Cardio,,278.0,23.88,160.0,179.0,,,,,,,,,-3.0
Yoga,2025-02-03 19:12:41,Yoga,,44.0,4.43,141.0,156.0,,,,,,,,1.0,-1.0
Strength Training,2025-02-03 18:42:29,Strength,,251.0,29.03,137.0,172.0,,,,,,160.0,80.0,9.0,-3.0
Strength Training,2025-02-02 11:05:17,Strength,,698.0,166.48,104.0,159.0,,,,,,68.0,34.0,6.0,-6.0
Strength Training,2025-02-01 16:26:32,Strength,,366.0,50.95,131.0,163.0,,,,,,306.0,153.0,19.0,-9.0
Cardio,2025-01-31 21:12:22,Cardio,,422.0,36.15,162.0,179.0,,,,,,,,,-5.0
Yoga,2025-01-31 21:10:14,Yoga,,19.0,1.95,138.0,147.0,,,,,,,,2.0,
Indoor Rowing,2025-01-30 18:35:43,Indoor Rowing,,296.0,,155.0,173.0,,,,,,,,,-5.0
Yoga,2025-01-30 18:31:40,Yoga,,31.0,3.51,132.0,151.0,,,,,,,,1.0,
Strength Training,2025-01-30 17:48:22,Strength,,346.0,43.13,134.0,169.0,,,,,,292.0,146.0,14.0,-4.0
Running,2025-01-30 14:51:12,Monterey County Running,2.77,386.0,39.7,149.0,174.0,,,19.0,19.0,0.98,,,,-6.0
Yoga,2025-01-30 14:47:56,Yoga,,15.0,2.81,110.0,122.0,,,,,,,,1.0,
Cardio,2025-01-28 22:34:09,Cardio,,185.0,16.7,155.0,172.0,,,,,,,,,-3.0
Yoga,2025-01-28 22:21:32,Yoga,,37.0,4.51,132.0,151.0,,,,,,,,1.0,-2.0
Strength Training,2025-01-28 21:24:36,Strength,,405.0,55.72,130.0,165.0,,,,,,196.0,98.0,12.0,-4.0
Running,2025-01-27 17:14:05,Monterey County Running,3.56,509.0,68.22,127.0,186.0,,,159.0,139.0,0.87,,,,-8.0
Cardio,2025-01-24 20:53:36,Cardio,,429.0,47.4,146.0,182.0,,,,,,,,,-4.0
Yoga,2025-01-24 20:48:55,Yoga,,15.0,3.9,97.0,115.0,,,,,,,,1.0,
Running,2025-01-21 16:03:26,Monterey County Running,1.99,259.0,25.07,144.0,175.0,,,7.0,7.0,0.94,,,,-4.0
Indoor Rowing,2025-01-19 16:56:18,Indoor Rowing,,142.0,,135.0,163.0,,,,,,,,,-3.0
Strength Training,2025-01-19 15:34:25,Strength,,362.0,50.68,135.0,164.0,,,,,,282.0,141.0,20.0,-6.0
Yoga,2025-01-19 15:30:29,Yoga,,15.0,2.33,119.0,143.0,,,,,,,,1.0,-3.0
Cardio,2025-01-17 18:48:04,Cardio,,611.0,62.4,159.0,182.0,,,,,,,,,-9.0
Strength Training,2025-01-17 18:06:15,Strength,,378.0,39.47,149.0,180.0,,,,,,220.0,117.0,9.0,-7.0
Yoga,2025-01-17 17:55:12,Yoga,,96.0,10.87,140.0,165.0,,,,,,,,1.0,-1.0
Cardio,2025-01-15 17:39:05,Cardio,,373.0,37.97,152.0,180.0,,,,,,,,,-6.0
Yoga,2025-01-15 17:36:08,Yoga,,15.0,2.76,111.0,127.0,,,,,,,,1.0,-1.0
Cardio,2025-01-12 18:44:06,Cardio,,309.0,40.05,137.0,166.0,,,,,,,,,-4.0
Yoga,2025-01-12 18:32:04,Yoga,,72.0,11.65,120.0,144.0,,,,,,,,1.0,-2.0
Strength Training,2025-01-12 18:00:46,Strength,,211.0,31.15,129.0,169.0,,,,,,156.0,78.0,12.0,-3.0
Cardio,2025-01-11 19:34:43,Cardio,,174.0,17.22,152.0,175.0,,,,,,,,,-2.0
Yoga,2025-01-11 19:31:39,Yoga,,22.0,2.87,130.0,147.0,,,,,,,,1.0,
Strength Training,2025-01-11 18:48:30,Strength,,339.0,40.95,141.0,171.0,,,,,,136.0,68.0,9.0,-5.0
Cardio,2025-01-08 22:21:17,Cardio,,182.0,18.72,148.0,180.0,,,,,,,,,-2.0
Yoga,2025-01-08 22:12:16,Yoga,,49.0,8.8,116.0,141.0,,,,,,,,1.0,-1.0
Strength Training,2025-01-08 21:25:49,Strength,,298.0,40.85,131.0,170.0,,,,,,194.0,97.0,15.0,-4.0
Cardio,2025-01-06 18:58:05,Cardio,,430.0,46.8,151.0,177.0,,,,,,,,,-5.0
Cardio,2025-01-05 18:00:26,Cardio,,258.0,35.03,136.0,178.0,,,,,,,,,-4.0
Yoga,2025-01-05 17:53:13,Yoga,,45.0,7.01,122.0,151.0,,,,,,,,1.0,-1.0
Strength Training,2025-01-05 17:03:53,Strength,,307.0,49.1,128.0,172.0,,,,,,344.0,172.0,24.0,-5.0
Running,2025-01-04 16:34:05,Santa Cruz County Running,3.65,480.0,54.87,148.0,179.0,,,150.0,113.0,0.87,,,,
Walking,2025-01-04 16:18:28,Santa Cruz County Walking,0.3,32.0,6.56,92.0,101.0,,,,40.0,0.78,674.0,,,
Yoga,2025-01-03 21:47:15,Yoga,,17.0,2.87,115.0,124.0,,,,,,,,1.0,
Cardio,2025-01-02 22:00:21,Cardio,,435.0,45.03,155.0,189.0,,,,,,,,,-4.0
Yoga,2025-01-02 21:56:37,Yoga,,26.0,3.56,126.0,134.0,,,,,,,,2.0,
Running,2025-01-01 16:55:27,Santa Cruz County Running,4.18,579.0,68.1,145.0,185.0,,,166.0,162.0,0.67,,,,-10.0
Indoor Rowing,2024-12-30 19:35:39,Indoor Rowing,,225.0,,147.0,163.0,,,,,,,,,-3.0
Yoga,2024-12-30 19:27:33,Yoga,,58.0,6.92,134.0,149.0,,,,,,,,1.0,
Strength Training,2024-12-30 19:01:00,Strength,,215.0,26.28,136.0,163.0,,,,,,160.0,80.0,11.0,-2.0
Running,2024-12-29 15:27:58,Santa Cruz County Running,4.7,618.0,69.77,152.0,183.0,,,18.0,15.0,0.82,,,,-21.0
Running,2024-12-28 15:54:06,Santa Cruz County Running,4.77,629.0,74.23,140.0,175.0,,,189.0,190.0,0.83,,,,-13.0
Cardio,2024-12-27 21:14:16,Cardio,,289.0,31.33,145.0,181.0,,,,,,,,,-4.0
Strength Training,2024-12-27 20:23:47,Strength,,321.0,44.65,130.0,168.0,,,,,,170.0,85.0,9.0,-3.0
Cardio,2024-12-23 21:49:27,Cardio,,307.0,33.95,145.0,176.0,,,,,,,,,-3.0
Yoga,2024-12-23 21:39:28,Yoga,,38.0,5.16,127.0,167.0,,,,,,,,1.0,
Strength Training,2024-12-23 20:38:47,Strength,,373.0,56.72,130.0,164.0,,,,,,134.0,132.0,13.0,-4.0
Cardio,2024-12-22 18:30:50,Cardio,,212.0,24.37,140.0,171.0,,,,,,,,,-3.0
Yoga,2024-12-22 18:22:25,Yoga,,59.0,8.24,125.0,150.0,,,,,,,,1.0,-1.0
Strength Training,2024-12-22 17:46:51,Strength,,254.0,33.85,133.0,161.0,,,,,,320.0,160.0,20.0,-3.0
Cardio,2024-12-18 22:08:29,Cardio,,355.0,35.77,152.0,184.0,,,,,,,,,-4.0
Yoga,2024-12-18 21:57:28,Yoga,,29.0,4.99,113.0,126.0,,,,,,,,1.0,-1.0
Running,2024-12-13 16:01:16,Monterey County Running,5.02,732.0,79.15,156.0,186.0,,,217.0,190.0,0.84,,,,-9.0
Yoga,2024-12-13 15:57:49,Yoga,,24.0,3.25,125.0,136.0,,,,,,,,1.0,-1.0
Cardio,2024-12-12 22:07:22,Cardio,,314.0,35.52,143.0,174.0,,,,,,,,,-3.0
Yoga,2024-12-12 22:01:28,Yoga,,30.0,4.84,118.0,137.0,,,,,,,,1.0,-1.0
Strength Training,2024-12-10 22:30:20,Strength,,116.0,14.92,130.0,172.0,,,,,,38.0,53.0,4.0,-1.0
Cardio,2024-12-10 21:42:35,Cardio,,428.0,47.13,151.0,182.0,,,,,,,,,-4.0
Cardio,2024-12-09 22:10:49,Cardio,,410.0,46.88,147.0,186.0,,,,,,,,,-5.0
Street Running,2024-12-07 16:22:27,Cardio,3.46,489.0,45.55,161.0,187.0,,,,,,,,,-11.0
Strength Training,2024-12-06 21:32:16,Strength,,176.0,20.88,139.0,181.0,,,,,,110.0,55.0,9.0,-2.0
Cardio,2024-12-06 20:53:27,Cardio,,366.0,38.52,152.0,201.0,,,,,,,,,-8.0
Cardio,2024-12-02 21:57:06,Cardio,,352.0,33.38,158.0,185.0,,,,,,,,,-5.0
Yoga,2024-12-02 21:52:57,Yoga,,31.0,3.98,126.0,147.0,,,,,,,,2.0,
Cardio,2024-12-01 18:58:00,Cardio,,472.0,51.6,151.0,183.0,,,,,,,,,-6.0
Yoga,2024-12-01 18:54:56,Yoga,,22.0,2.9,127.0,151.0,,,,,,,,1.0,
Cardio,2024-11-30 15:32:58,Cardio,,394.0,50.42,140.0,172.0,,,,,,,,,-7.0
Strength Training,2024-11-30 14:37:43,Strength,,378.0,53.7,133.0,168.0,,,,,,322.0,122.0,11.0,-7.0
Cardio,2024-11-27 18:05:44,Cardio,,291.0,37.08,138.0,169.0,,,,,,,,,-4.0
Cardio,2024-11-25 21:44:14,Cardio,,170.0,17.42,147.0,171.0,,,,,,,,,-2.0
Yoga,2024-11-25 21:38:59,Yoga,,49.0,5.12,143.0,155.0,,,,,,,,1.0,
Strength Training,2024-11-25 21:00:47,Strength,,333.0,36.98,145.0,182.0,,,,,,120.0,136.0,11.0,-4.0
Cardio,2024-11-24 19:08:00,Cardio,,389.0,39.67,153.0,180.0,,,,,,,,,-5.0
Yoga,2024-11-24 19:05:08,Yoga,,26.0,2.7,141.0,150.0,,,,,,,,1.0,
Strength Training,2024-11-24 18:29:02,Strength,,287.0,35.88,135.0,172.0,,,,,,210.0,105.0,15.0,-4.0
Indoor Rowing,2024-11-23 19:33:45,Indoor Rowing,,233.0,,164.0,183.0,,,,,,,,,-3.0
Cardio,2024-11-23 18:32:00,Cardio,,620.0,59.48,164.0,190.0,,,,,,,,,-10.0
Yoga,2024-11-23 18:28:21,Yoga,,29.0,3.43,131.0,152.0,,,,,,,,1.0,
Cardio,2024-11-22 17:16:19,Cardio,,85.0,8.49,145.0,168.0,,,,,,676.0,,,-1.0
Yoga,2024-11-22 17:12:33,Yoga,,24.0,3.07,126.0,137.0,,,,,,,,2.0,-1.0
Strength Training,2024-11-22 16:15:31,Strength,,406.0,53.63,137.0,170.0,,,,,,208.0,104.0,15.0,-7.0
Cardio,2024-11-21 22:12:37,Cardio,,279.0,29.88,146.0,180.0,,,,,,,,,-4.0
Yoga,2024-11-21 22:09:47,Yoga,,20.0,2.68,126.0,152.0,,,,,,,,2.0,
Strength Training,2024-11-21 21:25:26,Strength,,237.0,44.05,116.0,149.0,,,,,,266.0,163.0,14.0,-2.0
Strength Training,2024-11-18 21:51:10,Strength,,253.0,39.23,126.0,169.0,,,,,,272.0,136.0,14.0,-2.0
Cardio,2024-11-18 21:12:23,Cardio,,356.0,38.58,151.0,179.0,,,,,,,,,-5.0
Yoga,2024-11-18 21:09:30,Yoga,,22.0,2.66,134.0,149.0,,,,,,,,2.0,
Strength Training,2024-11-17 11:54:09,Strength,,164.0,28.42,114.0,151.0,,,,,,88.0,44.0,9.0,-3.0
Indoor Rowing,2024-11-12 20:21:00,Indoor Rowing,,358.0,,156.0,185.0,,,,,,,,,-5.0
Cardio,2024-11-12 19:38:17,Cardio,,376.0,34.83,158.0,196.0,,,,,,,,,-5.0
Yoga,2024-11-12 19:34:18,Yoga,,28.0,3.81,124.0,137.0,,,,,,,,3.0,-1.0
Indoor Rowing,2024-11-10 11:40:17,Indoor Rowing,,270.0,,137.0,165.0,,,,,,,,,-4.0
Cardio,2024-11-10 11:14:35,Cardio,,226.0,21.75,152.0,170.0,,,,,,,,,-5.0
Yoga,2024-11-10 11:11:04,Yoga,,28.0,3.35,134.0,149.0,,,,,,,,1.0,-1.0
Strength Training,2024-11-10 10:33:34,Strength,,301.0,34.38,143.0,175.0,,,,,,114.0,84.0,7.0,-6.0
Cardio,2024-11-06 22:24:48,Cardio,,209.0,19.58,154.0,171.0,,,,,,,,,-3.0
Yoga,2024-11-06 22:21:26,Yoga,,26.0,2.57,145.0,155.0,,,,,,,,1.0,
Strength Training,2024-11-06 21:53:13,Strength,,195.0,26.08,131.0,164.0,,,,,,128.0,64.0,7.0,-3.0
Running,2024-11-03 16:33:01,Monterey County Running,2.06,349.0,38.55,153.0,197.0,,,77.0,67.0,0.88,,,,-4.0
Yoga,2024-11-03 16:29:29,Yoga,,23.0,3.34,123.0,137.0,,,,,,,,1.0,-1.0
Strength Training,2024-11-03 14:37:44,Strength,,337.0,39.83,144.0,172.0,,,,,,176.0,88.0,14.0,-5.0
Indoor Rowing,2024-11-01 20:55:39,Indoor Rowing,,326.0,,148.0,175.0,,,,,,,,,-1.0
Cardio,2024-11-01 20:20:43,Cardio,,303.0,29.07,157.0,182.0,,,,,,,,,-3.0
Yoga,2024-11-01 20:17:02,Yoga,,28.0,3.42,133.0,155.0,,,,,,,,2.0,
Running,2024-10-29 18:07:08,Monterey County Running,1.9,303.0,29.45,164.0,190.0,,,53.0,115.0,0.87,,,,-4.0
Yoga,2024-10-29 18:01:13,Yoga,,35.0,4.43,130.0,140.0,,,,,,,,1.0,
Running,2024-10-26 17:11:12,Monterey County Running,3.72,561.0,74.9,140.0,178.0,,,165.0,172.0,0.87,,,,-7.0
Cardio,2024-10-25 20:59:10,Cardio,,353.0,34.35,158.0,186.0,,,,,,,,,-4.0
Yoga,2024-10-25 20:52:20,Yoga,,59.0,6.55,139.0,154.0,,,,,,,,2.0,-1.0
Strength Training,2024-10-25 20:25:25,Strength,,233.0,24.33,147.0,177.0,,,,,,100.0,50.0,10.0,-3.0
Cardio,2024-10-24 21:07:31,Cardio,,445.0,42.48,160.0,184.0,,,,,,,,,-6.0
Yoga,2024-10-24 21:04:29,Yoga,,23.0,2.78,131.0,150.0,,,,,,,,3.0,-1.0
Cardio,2024-10-21 19:21:08,Cardio,,206.0,20.6,151.0,177.0,,,,,,,,,-2.0
Yoga,2024-10-21 19:17:05,Yoga,,36.0,3.81,142.0,181.0,,,,,,,,1.0,
Strength Training,2024-10-21 18:14:32,Strength,,442.0,59.5,139.0,174.0,,,,,,220.0,173.0,15.0,-5.0
Cardio,2024-10-18 14:46:09,Cardio,,262.0,28.78,145.0,176.0,,,,,,,,,-5.0
Yoga,2024-10-18 14:40:35,Yoga,,34.0,5.39,117.0,133.0,,,,,,,,2.0,
Strength Training,2024-10-18 14:00:27,Strength,,233.0,39.9,121.0,163.0,,,,,,240.0,120.0,18.0,-4.0
Running,2024-10-17 17:32:40,Monterey County Running,2.52,410.0,48.65,151.0,178.0,,,100.0,77.0,0.81,,,,-5.0
Yoga,2024-10-17 17:27:42,Yoga,,38.0,4.73,131.0,144.0,,,,,,,,1.0,-1.0
Cardio,2024-10-14 22:35:57,Cardio,,154.0,16.45,144.0,177.0,,,,,,,,,-1.0
Running,2024-10-14 22:08:05,Running,0.73,241.0,27.5,143.0,171.0,,,,,0.66,,,,-2.0
Yoga,2024-10-14 22:03:53,Yoga,,33.0,3.8,136.0,149.0,,,,,,,,1.0,-1.0
Strength Training,2024-10-14 21:16:09,Strength,,397.0,47.52,144.0,180.0,,,,,,124.0,121.0,10.0,-6.0
Running,2024-10-13 10:21:12,Monterey County Running,4.06,637.0,67.15,160.0,182.0,,,168.0,167.0,0.8,,,,-7.0
Yoga,2024-10-13 10:16:38,Yoga,,30.0,4.28,124.0,149.0,,,,,,,,2.0,
Running,2024-10-10 17:53:31,Monterey County Running,3.9,552.0,63.3,149.0,182.0,,,175.0,179.0,0.81,,,,-7.0
Walking,2024-10-10 15:53:31,Monterey County Walking,0.58,66.0,12.43,106.0,119.0,,,,,0.75,,,,-1.0
Cardio,2024-10-08 21:39:30,Cardio,,135.0,14.28,143.0,169.0,,,,,,,,,-1.0
Yoga,2024-10-08 21:36:17,Yoga,,21.0,3.02,125.0,132.0,,,,,,,,1.0,
Strength Training,2024-10-08 20:54:27,Strength,,239.0,34.05,128.0,159.0,,,,,,76.0,81.0,7.0,-2.0
Strength Training,2024-10-07 21:19:54,Strength,,110.0,14.3,131.0,172.0,,,,,,110.0,55.0,7.0,-1.0
Cardio,2024-10-07 21:01:38,Cardio,,158.0,15.73,151.0,177.0,,,,,,,,,-2.0
Yoga,2024-10-07 20:59:14,Yoga,,18.0,2.21,133.0,156.0,,,,,,,,1.0,
Running,2024-10-07 17:59:00,Monterey County Running,2.22,293.0,51.78,114.0,154.0,,,110.0,127.0,0.78,,,,-2.0
Running,2024-10-02 18:44:49,Monterey County Running,3.14,322.0,61.0,107.0,137.0,,,95.0,138.0,1.23,,,,-3.0
Running,2024-10-01 18:24:16,Monterey County Running,2.99,410.0,50.23,144.0,185.0,,,125.0,105.0,0.85,,,,-5.0
Cardio,2024-09-30 21:56:43,Cardio,,418.0,49.23,145.0,171.0,,,,,,,,,-4.0
Yoga,2024-09-30 21:52:29,Yoga,,35.0,3.98,136.0,152.0,,,,,,,,1.0,
Strength Training,2024-09-30 21:15:52,Strength,,335.0,36.17,148.0,177.0,,,,,,200.0,100.0,10.0,-4.0
Walking,2024-09-29 18:19:57,Watsonville Walking,1.41,210.0,39.43,115.0,144.0,,,116.0,107.0,0.77,,,,-3.0
Running,2024-09-29 18:09:01,Watsonville Running,0.56,68.0,10.65,124.0,130.0,,,11.0,12.0,0.76,,,,-1.0
Running,2024-09-28 18:05:00,Run,5.0,,89.0,,,,,,,,,,,
Indoor Rowing,2024-09-26 22:35:57,Indoor Rowing,,74.0,,136.0,164.0,,,,,,,,,-1.0
Cardio,2024-09-26 22:03:12,Cardio,,276.0,28.7,151.0,178.0,,,,,,,,,-3.0
Yoga,2024-09-26 21:59:07,Yoga,,28.0,3.84,128.0,148.0,,,,,,,,2.0,
Running,2024-09-25 18:34:54,Monterey County Running,4.04,538.0,63.2,155.0,184.0,,,129.0,153.0,0.8,,,,-7.0
Yoga,2024-09-25 18:31:44,Yoga,,23.0,2.71,135.0,158.0,,,,,,,,2.0,
Strength Training,2024-09-24 18:39:00,Strength,,235.0,40.7,121.0,165.0,,,,,,182.0,91.0,12.0,-2.0
Cardio,2024-09-24 18:03:36,Cardio,,371.0,35.18,161.0,182.0,,,,,,,,,-6.0
Yoga,2024-09-24 18:00:37,Yoga,,20.0,2.78,124.0,137.0,,,,,,,,1.0,
Strength Training,2024-09-23 20:44:46,Strength,,188.0,30.6,123.0,166.0,,,,,,98.0,49.0,9.0,-3.0
Cardio,2024-09-23 20:13:48,Cardio,,280.0,27.53,154.0,176.0,,,,,,,,,-4.0
Yoga,2024-09-23 20:10:51,Yoga,,25.0,2.78,138.0,147.0,,,,,,,,1.0,-1.0
Running,2024-09-22 18:05:58,Cardio,4.3,669.0,65.08,165.0,187.0,,,,,,,,,-7.0
Strength Training,2024-09-20 23:34:17,Strength,,197.0,46.4,104.0,132.0,,,,,,92.0,46.0,7.0,-2.0
Cardio,2024-09-19 18:47:43,Cardio,,395.0,40.98,155.0,193.0,,,,,,,,,-5.0
Yoga,2024-09-19 18:41:47,Yoga,,49.0,5.69,134.0,153.0,,,,,,,,1.0,
Strength Training,2024-09-19 18:03:43,Strength,,370.0,37.57,153.0,176.0,,,,,,152.0,76.0,12.0,-6.0
Cardio,2024-09-18 18:54:33,Cardio,,388.0,41.77,151.0,176.0,,,,,,,,,-5.0
Yoga,2024-09-18 18:50:05,Yoga,,38.0,4.27,137.0,152.0,,,,,,,,1.0,-1.0
Strength Training,2024-09-18 17:57:48,Strength,,405.0,52.08,141.0,179.0,,,,,,202.0,101.0,17.0,-5.0
Cardio,2024-09-15 14:25:27,Cardio,,371.0,43.6,145.0,178.0,,,,,,,,,-6.0
Strength Training,2024-09-15 13:29:50,Strength,,338.0,43.48,138.0,171.0,,,,,,56.0,105.0,10.0,-6.0
Cardio,2024-09-12 18:48:16,Cardio,,331.0,22.03,112.0,167.0,,,,,,,,,-3.0
Yoga,2024-09-12 18:41:42,Yoga,,56.0,6.26,138.0,156.0,,,,,,,,1.0,-1.0
Strength Training,2024-09-12 18:03:21,Strength,,309.0,38.13,139.0,172.0,,,,,,218.0,109.0,15.0,-3.0
Cardio,2024-09-11 19:43:01,Cardio,,321.0,42.47,139.0,182.0,,,,,,,,2.0,-3.0
Strength Training,2024-09-11 19:00:31,Strength,,295.0,40.5,134.0,165.0,,,,,,226.0,113.0,17.0,-3.0
Cardio,2024-09-10 19:07:04,Cardio,,512.0,49.68,161.0,184.0,,,,,,,,,-6.0
Yoga,2024-09-10 19:02:19,Yoga,,38.0,4.53,134.0,159.0,,,,,,,,1.0,
Cardio,2024-09-09 19:06:21,Cardio,,220.0,26.63,138.0,170.0,,,,,,,,,-2.0
Yoga,2024-09-09 19:01:28,Yoga,,35.0,4.68,127.0,156.0,,,,,,,,1.0,-1.0
Strength Training,2024-09-09 18:00:32,Strength,,405.0,52.77,140.0,179.0,,,,,,128.0,86.0,10.0,-5.0
Cardio,2024-09-09 17:54:37,Cardio,,60.0,5.71,151.0,183.0,,,,,,612.0,,,-1.0
Walking,2024-09-09 15:36:25,Monterey County Walking,0.61,73.0,14.82,95.0,109.0,,,,,0.71,,,,-1.0
Cardio,2024-09-08 18:34:35,Cardio,,485.0,49.38,158.0,189.0,,,,,,,,,-8.0
Yoga,2024-09-08 18:30:08,Yoga,,40.0,4.18,145.0,161.0,,,,,,,,1.0,-22.0
Walking,2024-09-04 17:49:18,Monterey County Walking,3.04,380.0,54.4,140.0,177.0,,,320.0,430.0,0.84,,,,-4.0
Cardio,2024-09-03 19:19:22,Cardio,,267.0,25.17,159.0,187.0,,,,,,,,,-3.0
Strength Training,2024-09-03 18:50:11,Strength,,181.0,23.97,133.0,159.0,,,,,,144.0,72.0,14.0,-2.0
Cardio,2024-09-02 13:14:14,Cardio,,172.0,19.82,140.0,162.0,,,,,,,,,-6.0
Yoga,2024-09-02 13:10:21,Yoga,,26.0,3.49,130.0,156.0,,,,,,,,1.0,
Strength Training,2024-09-02 12:29:49,Strength,,255.0,34.93,130.0,162.0,,,,,,70.0,35.0,11.0,-5.0
Strength Training,2024-08-31 13:47:15,Strength,,301.0,58.75,117.0,158.0,,,,,,168.0,84.0,10.0,-7.0
Cardio,2024-08-30 20:01:10,Cardio,,492.0,59.7,148.0,177.0,,,,,,,,,-6.0
Yoga,2024-08-30 19:58:03,Yoga,,22.0,2.58,134.0,141.0,,,,,,,,1.0,
Cardio,2024-08-29 18:32:36,Cardio,,132.0,18.85,127.0,154.0,,,,,,596.0,,,-1.0
Yoga,2024-08-29 18:28:17,Yoga,,33.0,4.12,130.0,142.0,,,,,,,,1.0,-1.0
Strength Training,2024-08-29 18:00:04,Strength,,205.0,28.02,130.0,162.0,,,,,,42.0,21.0,6.0,-2.0
Cardio,2024-08-28 18:03:22,Cardio,,454.0,47.72,157.0,186.0,,,,,,,,,-6.0
Yoga,2024-08-28 17:59:03,Yoga,,40.0,4.13,144.0,154.0,,,,,,,,2.0,
Cardio,2024-08-26 21:42:58,Cardio,,588.0,54.12,168.0,191.0,,,,,,,,,-9.0
Yoga,2024-08-26 21:40:13,Yoga,,25.0,2.58,148.0,165.0,,,,,,,,1.0,
Cardio,2024-08-25 16:37:15,Cardio,,450.0,48.85,151.0,176.0,,,,,,,,,-3.0
Cardio,2024-08-24 19:24:14,Cardio,,192.0,21.82,142.0,173.0,,,,,,,,,-3.0
Yoga,2024-08-24 19:20:26,Yoga,,27.0,3.56,127.0,142.0,,,,,,,,2.0,-1.0
Strength Training,2024-08-24 18:55:00,Strength,,183.0,25.22,129.0,158.0,,,,,,172.0,86.0,14.0,-3.0
Strength Training,2024-08-24 18:36:43,Strength,,139.0,18.08,133.0,174.0,,,,,,84.0,42.0,7.0,-3.0
Walking,2024-08-24 11:31:02,Monterey County Walking,0.85,101.0,23.82,92.0,107.0,,,9.0,3.0,0.75,,,,-4.0
Cardio,2024-08-23 19:16:12,Cardio,,177.0,19.58,143.0,167.0,,,,,,,,,-2.0
Yoga,2024-08-23 19:10:45,Yoga,,42.0,5.17,134.0,156.0,,,,,,,,1.0,
Strength Training,2024-08-23 18:31:05,Strength,,279.0,39.43,131.0,171.0,,,,,,98.0,49.0,8.0,-3.0
Cardio,2024-08-22 22:17:11,Cardio,,208.0,34.78,129.0,184.0,,,,,,,,,-3.0
Yoga,2024-08-22 22:11:56,Yoga,,32.0,5.06,120.0,145.0,,,,,,,,1.0,-1.0
Strength Training,2024-08-22 21:37:38,Strength,,146.0,31.12,109.0,131.0,,,,,,98.0,49.0,11.0,-2.0
Cardio,2024-08-17 14:52:08,Cardio,,139.0,15.37,143.0,174.0,,,,,,,,,-3.0
Indoor Rowing,2024-08-17 14:35:32,Indoor Rowing,,124.0,,137.0,153.0,,,,,,,,,-3.0
Yoga,2024-08-17 14:29:05,Yoga,,37.0,4.74,130.0,150.0,,,,,,,,1.0,-1.0
Strength Training,2024-08-17 13:58:45,Strength,,240.0,26.75,144.0,171.0,,,,,,178.0,89.0,10.0,-6.0
Cardio,2024-08-11 14:07:20,Cardio,,555.0,60.03,154.0,186.0,,,,,,,,,-11.0
Yoga,2024-08-10 19:15:37,Yoga,,18.0,1.98,141.0,160.0,,,,,,,,4.0,
Cardio,2024-08-10 18:42:32,Cardio,,205.0,17.43,167.0,183.0,,,,,,,,,-4.0
Yoga,2024-08-10 18:12:08,Yoga,,94.0,9.96,143.0,160.0,,,,,,,,2.0,-2.0
Indoor Rowing,2024-08-07 22:32:32,Indoor Rowing,,219.0,,150.0,169.0,,,,,,,,,
Strength Training,2024-08-07 21:44:31,Strength,,332.0,43.3,135.0,164.0,,,,,,188.0,94.0,16.0,-3.0
Yoga,2024-08-06 19:02:46,Yoga,,36.0,5.47,121.0,150.0,,,,,,,,1.0,-1.0
Cardio,2024-08-03 17:42:51,Cardio,,367.0,63.82,122.0,180.0,,,,,,,,,-25.0
Cardio,2024-08-02 21:11:35,Cardio,,355.0,32.82,162.0,184.0,,,,,,,,,-6.0
Yoga,2024-08-02 21:04:47,Yoga,,35.0,5.0,124.0,150.0,,,,,,,,3.0,
Cardio,2024-07-29 19:36:15,Cardio,,514.0,55.05,156.0,208.0,,,,,,,,,-1.0
Walking,2024-07-28 17:24:52,Santa Cruz County Walking,2.45,361.0,73.23,110.0,146.0,,,429.0,390.0,0.86,,,,-3.0
Yoga,2024-07-26 19:35:28,Yoga,,112.0,15.67,127.0,154.0,,,,,,,,2.0,
Strength Training,2024-07-26 18:47:19,Strength,,270.0,40.92,127.0,165.0,,,,,,42.0,21.0,12.0,
Cardio,2024-07-25 22:13:18,Cardio,,342.0,33.42,158.0,184.0,,,,,,,,,-3.0
Yoga,2024-07-25 22:07:27,Yoga,,37.0,5.41,121.0,166.0,,,,,,,,2.0,-8.0
Strength Training,2024-07-24 22:09:29,Strength,,115.0,16.45,126.0,168.0,,,,,,18.0,9.0,2.0,-2.0
Cardio,2024-07-24 21:37:42,Cardio,,302.0,28.77,156.0,179.0,,,,,,,,,-5.0
Cardio,2024-07-21 15:59:12,Cardio,,88.0,14.65,116.0,140.0,,,,,,922.0,,,-2.0
Cardio,2024-07-21 15:33:28,Cardio,,154.0,22.73,124.0,151.0,,,,,,,,,-2.0
Strength Training,2024-07-21 14:38:21,Strength,,333.0,51.57,129.0,172.0,,,,,,302.0,151.0,16.0,-6.0
Walking,2024-07-20 17:03:44,Santa Clara County Walking,1.89,288.0,56.1,115.0,143.0,,,271.0,662.0,0.84,,,,-4.0
Running,2024-07-14 19:42:07,Santa Cruz County Running,3.2,397.0,52.62,134.0,164.0,,,131.0,87.0,0.77,,,,-7.0
Indoor Rowing,2024-07-13 19:23:19,Indoor Rowing,,104.0,,144.0,159.0,,,,,,,,,-2.0
Yoga,2024-07-13 19:18:04,Yoga,,43.0,5.08,133.0,148.0,,,,,,,,2.0,-1.0
Strength Training,2024-07-13 19:04:40,Strength,,90.0,10.8,132.0,172.0,,,,,,14.0,7.0,3.0,-1.0
Cardio,2024-07-10 22:29:46,Cardio,,143.0,22.37,120.0,155.0,,,,,,,,,-2.0
Strength Training,2024-07-10 22:06:13,Strength,,111.0,19.08,116.0,154.0,,,,,,34.0,17.0,2.0,-1.0
Cardio,2024-07-09 21:27:36,Cardio,,297.0,40.48,137.0,176.0,,,,,,,,,-5.0
Strength Training,2024-07-09 20:49:29,Strength,,180.0,29.27,120.0,159.0,,,,,,136.0,68.0,10.0,-5.0
Cardio,2024-07-08 22:25:59,Cardio,,152.0,17.67,137.0,161.0,,,,,,,,,-4.0
Strength Training,2024-07-08 21:50:56,Strength,,199.0,27.02,130.0,160.0,,,,,,62.0,31.0,7.0,-3.0
Indoor Rowing,2024-07-06 20:55:57,Indoor Rowing,,120.0,,135.0,155.0,,,,,,,,,-2.0
Cardio,2024-07-06 20:33:38,Cardio,,144.0,22.12,121.0,157.0,,,,,,,,,-1.0
Strength Training,2024-07-06 19:29:09,Strength,,350.0,53.37,129.0,170.0,,,,,,154.0,77.0,12.0,-4.0
Cardio,2024-06-19 19:57:07,Cardio,,251.0,25.88,152.0,194.0,,,,,,,,,-4.0
Strength Training,2024-06-19 19:29:26,Strength,,168.0,23.88,127.0,153.0,,,,,,114.0,57.0,9.0,-2.0
Cardio,2024-06-16 16:23:42,Cardio,,256.0,31.95,139.0,173.0,,,,,,,,,-3.0
Cardio,2024-06-16 16:06:10,Yoga,,108.0,16.27,124.0,161.0,,,,,,,,2.0,-1.0
Strength Training,2024-06-16 15:31:46,Strength,,197.0,22.78,140.0,164.0,,,,,,150.0,75.0,8.0,-3.0
Walking,2024-06-15 19:28:12,Santa Cruz County Walking,0.95,128.0,38.13,89.0,117.0,,,58.0,48.0,0.97,,,,-1.0
Running,2024-06-11 20:23:27,Santa Cruz County Running,3.5,463.0,51.77,153.0,176.0,,,146.0,144.0,0.81,,,,-7.0
Cardio,2024-06-10 22:19:45,Cardio,,315.0,30.57,154.0,190.0,,,,,,,,,-4.0
Strength Training,2024-06-09 18:35:36,Strength,,116.0,28.38,100.0,135.0,,,,,,18.0,9.0,3.0,-1.0
Cardio,2024-06-07 21:24:17,Cardio,,378.0,32.62,170.0,202.0,,,,,,,,,-5.0
Yoga,2024-06-07 21:20:30,Yoga,,33.0,3.37,146.0,171.0,,,,,,,,1.0,
Breathwork,2024-06-05 09:24:59,Relax and Focus (Short),,,3.88,93.0,101.0,,,,,,,,,
Cardio,2024-06-04 22:30:16,Cardio,,167.0,15.48,156.0,183.0,,,,,,,,,-2.0
Yoga,2024-06-04 22:23:33,Yoga,,47.0,6.52,126.0,159.0,,,,,,,,1.0,-1.0
Cardio,2024-06-03 22:13:58,Cardio,,143.0,13.5,153.0,177.0,,,,,,,,,-2.0
Yoga,2024-06-03 22:06:06,Yoga,,35.0,7.56,107.0,128.0,,,,,,,,1.0,
Strength Training,2024-06-03 21:20:16,Strength,,266.0,43.47,124.0,159.0,,,,,,186.0,93.0,15.0,-3.0
Breathwork,2024-06-03 14:13:39,Relax and Focus (Short),,,2.43,62.0,69.0,,,,,,,,,-3.0
Cardio,2024-06-02 19:17:11,Cardio,,428.0,38.0,166.0,186.0,,,,,,,,,-8.0
Cardio,2024-05-31 21:05:19,Cardio,,,44.98,,,,,,,,,,,
Walking,2024-05-31 19:00:53,Santa Cruz County Walking,0.93,87.0,32.87,,,,,59.0,53.0,0.91,,,,
Cardio,2024-05-28 19:33:57,Cardio,,303.0,31.15,152.0,191.0,,,,,,,,,-5.0
Strength Training,2024-05-28 18:40:21,Strength,,228.0,44.8,114.0,156.0,,,,,,226.0,113.0,13.0,-2.0
Walking,2024-05-27 13:48:27,Monterey County Walking,3.02,427.0,83.22,113.0,147.0,,,483.0,473.0,0.73,,,,-25.0
Running,2024-05-25 20:22:16,Santa Cruz County Running,5.11,689.0,81.1,160.0,181.0,,,195.0,198.0,0.74,,,,-14.0
Cardio,2024-05-24 21:13:03,Cardio,,236.0,23.48,153.0,181.0,,,,,,,,,
Yoga,2024-05-24 21:09:28,Yoga,,34.0,3.23,148.0,161.0,,,,,,,,1.0,
Indoor Rowing,2024-05-24 20:38:48,Indoor Rowing,,322.0,,156.0,196.0,,,,,,,,,
Strength Training,2024-05-24 20:05:04,Strength,,296.0,32.08,145.0,184.0,,,,,,216.0,108.0,14.0,
Running,2024-05-19 19:33:44,Running,0.94,249.0,22.55,159.0,179.0,,,,,0.61,,,,-4.0
Strength Training,2024-05-19 18:59:51,Strength,,272.0,29.48,143.0,176.0,,,,,,118.0,59.0,8.0,-4.0
Walking,2024-05-19 13:08:47,Salinas Walking,0.93,117.0,27.18,88.0,103.0,,,3.0,,0.73,,,,-1.0
Strength Training,2024-05-18 19:38:27,Strength,,104.0,11.42,141.0,173.0,,,,,,24.0,12.0,4.0,-2.0
Cardio,2024-05-18 19:03:40,Cardio,,357.0,32.88,160.0,183.0,,,,,,,,,-10.0
Running,2024-05-17 21:53:20,Santa Cruz County Running,3.91,426.0,61.87,,,,,151.0,157.0,0.71,,,,
Indoor Rowing,2024-05-16 21:14:58,Indoor Rowing,,,,,,,,,,,,,,
Strength Training,2024-05-16 20:15:57,Strength,,,58.78,,,,,,,,222.0,111.0,14.0,
Cardio,2024-05-14 22:17:18,Cardio,,,74.67,,,,,,,,,,,
Yoga,2024-05-14 22:13:20,Yoga,,,2.73,,,,,,,,,,1.0,
Strength Training,2024-05-14 21:25:44,Strength,,,46.8,,,,,,,,74.0,37.0,15.0,
Running,2024-05-13 19:30:06,Santa Cruz County Running,2.35,261.0,38.18,,,,,188.0,42.0,0.74,,,,
Running,2024-05-13 18:57:10,Santa Cruz County Running,2.32,280.0,32.38,,,,,,137.0,0.77,,,,
Cardio,2024-05-12 19:38:43,Cardio,,114.0,10.0,159.0,174.0,,,,,,,,,-1.0
Yoga,2024-05-12 19:35:15,Yoga,,30.0,3.22,139.0,149.0,,,,,,,,1.0,
Strength Training,2024-05-12 19:05:52,Strength,,230.0,29.1,132.0,176.0,,,,,,110.0,55.0,7.0,-2.0
Running,2024-05-11 15:33:03,Santa Cruz County Running,4.79,719.0,79.68,160.0,183.0,,,191.0,188.0,0.95,,,,-12.0
Cardio,2024-05-09 22:22:18,Cardio,,318.0,31.5,151.0,175.0,,,,,,,,,-3.0
Strength Training,2024-05-09 21:35:58,Strength,,339.0,40.57,141.0,174.0,,,,,,36.0,18.0,10.0,-3.0
Strength Training,2024-05-08 17:29:55,Strength,,293.0,52.07,121.0,158.0,,,,,,244.0,122.0,13.0,-3.0
Running,2024-05-07 19:40:07,Santa Cruz County Running,2.1,303.0,32.85,160.0,173.0,,,97.0,90.0,0.74,,,,-2.0
Indoor Rowing,2024-05-05 15:11:56,Indoor Rowing,,245.0,,153.0,175.0,,,,,,,,,-5.0
Strength Training,2024-05-05 14:03:53,Strength,,558.0,61.63,152.0,184.0,,,,,,382.0,191.0,23.0,-13.0
Running,2024-05-03 19:27:03,Santa Cruz County Running,3.56,521.0,54.62,163.0,184.0,,,140.0,142.0,0.77,,,,-5.0
Cardio,2024-04-30 15:44:42,Cardio,,206.0,18.33,160.0,180.0,,,,,,,,,-5.0
Strength Training,2024-04-30 14:50:28,Strength,,376.0,44.32,142.0,172.0,,,,,,92.0,46.0,11.0,-23.0
Indoor Rowing,2024-04-29 21:23:44,Indoor Rowing,,158.0,,158.0,174.0,,,,,,,,,-2.0
Cardio,2024-04-29 20:40:54,Cardio,,456.0,42.58,163.0,192.0,,,,,,,,1.0,-7.0
Yoga,2024-04-29 20:36:38,Yoga,,39.0,3.84,146.0,156.0,,,,,,,,2.0,-1.0
Cardio,2024-04-24 19:46:13,Cardio,,277.0,25.67,156.0,173.0,,,,,,,,,-4.0
Indoor Rowing,2024-04-24 19:23:05,Indoor Rowing,,237.0,,155.0,188.0,,,,,,,,,-4.0
Yoga,2024-04-24 19:18:13,Yoga,,42.0,4.31,143.0,156.0,,,,,,,,1.0,
Strength Training,2024-04-24 18:44:24,Strength,,258.0,33.15,134.0,165.0,,,,,,228.0,114.0,20.0,-3.0
Indoor Rowing,2024-04-22 22:34:09,Indoor Rowing,,110.0,,150.0,164.0,,,,,,,,,-2.0
Cardio,2024-04-22 22:09:35,Cardio,,213.0,19.57,158.0,178.0,,,,,,,,,-3.0
Strength Training,2024-04-22 21:35:04,Strength,,168.0,28.72,113.0,157.0,,,,,,156.0,78.0,9.0,-2.0
Running,2024-04-21 13:11:30,Santa Cruz County Running,2.75,499.0,71.8,139.0,171.0,,,691.0,675.0,0.86,,,,-13.0
Indoor Rowing,2024-04-20 19:27:29,Indoor Rowing,,117.0,,137.0,155.0,,,,,,,,,-3.0
Yoga,2024-04-20 19:19:54,Yoga,,40.0,7.32,113.0,130.0,,,,,,,,2.0,-2.0
Strength Training,2024-04-20 18:27:46,Strength,,351.0,50.55,132.0,167.0,,,,,,180.0,115.0,10.0,-13.0
Running,2024-04-19 18:42:29,Santa Cruz County Running,3.47,461.0,53.32,150.0,173.0,,,142.0,131.0,0.82,,,,-7.0
Walking,2024-04-16 17:58:08,Capitola Walking,1.58,250.0,65.52,95.0,117.0,,,57.0,55.0,0.94,,,,-2.0
Running,2024-04-15 19:24:46,Santa Cruz County Running,4.68,645.0,70.82,161.0,177.0,,,180.0,178.0,0.84,,,,-10.0
Walking,2024-04-15 13:55:30,Monterey County Walking,0.47,52.0,11.25,94.0,101.0,,,,3.0,0.73,,,,
Running,2024-04-14 14:04:22,Santa Cruz County Running,4.64,712.0,72.2,168.0,190.0,,,186.0,179.0,0.85,,,,-16.0
Indoor Rowing,2024-04-11 22:39:51,Indoor Rowing,,93.0,,164.0,175.0,,,,,,,,,-2.0
Cardio,2024-04-11 22:05:09,Cardio,,360.0,32.78,160.0,180.0,,,,,,,,,-5.0
Walking,2024-04-11 13:18:02,Santa Cruz Walking,0.23,44.0,4.59,158.0,177.0,,,28.0,,0.81,488.0,,,-1.0
Cardio,2024-04-10 22:07:43,Cardio,,272.0,29.28,145.0,178.0,,,,,,,,,
Yoga,2024-04-10 22:02:17,Yoga,,34.0,4.8,120.0,138.0,,,,,,,,2.0,
Strength Training,2024-04-10 21:10:56,Strength,,218.0,31.43,125.0,166.0,,,,,,196.0,98.0,14.0,
Cardio,2024-04-10 18:44:58,Yoga,,100.0,30.13,95.0,113.0,,,,,,,,3.0,
Cardio,2024-04-08 21:57:58,Cardio,,222.0,22.1,155.0,188.0,,,,,,,,,-2.0
Indoor Rowing,2024-04-08 21:34:49,Indoor Rowing,,210.0,,165.0,178.0,,,,,,,,,-3.0
Yoga,2024-04-08 21:28:36,Yoga,,45.0,4.25,149.0,159.0,,,,,,,,1.0,-1.0
Indoor Rowing,2024-04-08 21:18:07,Indoor Rowing,,110.0,,155.0,181.0,,,,,,,,,-1.0
Strength Training,2024-04-03 22:21:32,Strength,,156.0,19.95,131.0,156.0,,,,,,148.0,74.0,10.0,-1.0
Indoor Rowing,2024-04-03 22:05:10,Indoor Rowing,,146.0,,155.0,180.0,,,,,,,,,-2.0
Indoor Rowing,2024-04-03 21:48:51,Indoor Rowing,,137.0,,149.0,174.0,,,,,,,,,-2.0
Walking,2024-04-03 14:13:33,Monterey County Walking,0.48,59.0,13.1,94.0,107.0,,,,,0.71,,,,-1.0
Cardio,2024-04-02 22:27:36,Cardio,,206.0,20.08,151.0,173.0,,,,,,,,,-2.0
Yoga,2024-04-02 22:23:33,Yoga,,34.0,3.46,146.0,157.0,,,,,,,,2.0,
Strength Training,2024-04-02 21:42:25,Strength,,325.0,39.0,138.0,162.0,,,,,,120.0,60.0,13.0,-7.0
Cardio,2024-04-01 21:20:40,Cardio,,490.0,43.12,166.0,185.0,,,,,,,,,-5.0
Yoga,2024-04-01 21:15:25,Yoga,,40.0,3.65,156.0,164.0,,,,,,,,2.0,-1.0
Strength Training,2024-04-01 20:47:28,Strength,,249.0,27.73,138.0,176.0,,,,,,152.0,76.0,12.0,-5.0
Walking,2024-04-01 16:36:33,Monterey County Walking,0.66,77.0,16.97,96.0,114.0,,,5.0,6.0,0.69,,,,-1.0
Cardio,2024-03-28 21:54:32,Cardio,,438.0,37.0,169.0,192.0,,,,,,,,,-6.0
Yoga,2024-03-28 21:49:00,Yoga,,50.0,5.34,141.0,160.0,,,,,,,,1.0,
Cardio,2024-03-27 21:59:38,Cardio,,473.0,39.47,171.0,187.0,,,,,,,,,-5.0
Yoga,2024-03-27 21:56:15,Yoga,,30.0,3.2,142.0,164.0,,,,,,,,1.0,-1.0
Running,2024-03-24 17:40:57,Santa Cruz County Running,3.25,497.0,48.77,163.0,187.0,,,141.0,139.0,0.86,,,,-12.0
Cardio,2024-03-23 16:14:44,Cardio,,296.0,31.9,147.0,194.0,,,,,,,,,-5.0
Yoga,2024-03-23 16:09:59,Yoga,,40.0,4.56,134.0,150.0,,,,,,,,2.0,-1.0
Strength Training,2024-03-23 15:11:54,Strength,,437.0,57.78,138.0,170.0,,,,,,258.0,129.0,22.0,-6.0
Strength Training,2024-03-20 12:10:55,Strength,,146.0,19.6,128.0,158.0,,,,,,40.0,20.0,5.0,-3.0
Cardio,2024-03-19 14:13:43,Cardio,,407.0,41.5,152.0,179.0,,,,,,,,,-6.0
Yoga,2024-03-19 14:08:27,Yoga,,50.0,4.99,145.0,159.0,,,,,,,,2.0,-1.0
Strength Training,2024-03-19 13:34:15,Strength,,310.0,32.02,149.0,176.0,,,,,,44.0,22.0,11.0,-5.0
Walking,2024-03-17 16:08:43,Santa Cruz County Walking,1.31,172.0,26.48,121.0,147.0,,,96.0,93.0,0.77,,,,-4.0
Running,2024-03-16 13:07:39,Santa Cruz County Running,4.0,676.0,71.4,159.0,184.0,,,153.0,149.0,0.92,,,,-17.0
Walking,2024-03-15 18:57:58,Santa Cruz County Walking,1.18,141.0,27.05,95.0,121.0,,,77.0,69.0,0.77,,,,-1.0
Walking,2024-03-15 15:22:07,Monterey County Walking,0.6,74.0,15.08,101.0,108.0,,,,,0.69,,,,
Running,2024-03-14 21:07:08,Running,0.78,311.0,26.95,165.0,189.0,,,,,0.66,,,,-5.0
Yoga,2024-03-14 21:01:16,Yoga,,49.0,5.42,137.0,149.0,,,,,,,,1.0,-1.0
Strength Training,2024-03-14 20:14:25,Strength,,457.0,46.25,153.0,174.0,,,,,,178.0,89.0,14.0,-8.0
Running,2024-03-13 18:44:04,Santa Cruz County Running,2.56,397.0,40.2,160.0,178.0,,,119.0,118.0,0.84,,,,-4.0
Yoga,2024-03-13 18:11:22,Yoga,,48.0,10.73,105.0,123.0,,,,,,,,2.0,-1.0
Walking,2024-03-12 13:05:06,Santa Cruz County Walking,1.1,200.0,34.17,124.0,146.0,,,66.0,50.0,6.1,,,,-6.0
Walking,2024-03-10 15:32:49,Santa Cruz County Walking,1.37,169.0,26.68,131.0,145.0,,,94.0,91.0,0.76,,,,-1.0
Running,2024-03-09 14:17:06,Santa Cruz County Running,3.8,721.0,72.37,167.0,208.0,,,167.0,163.0,1.05,,,,-14.0
Cardio,2024-03-08 20:35:52,Cardio,,211.0,20.0,156.0,179.0,,,,,,,,,-3.0
Yoga,2024-03-08 20:31:29,Yoga,,34.0,3.94,135.0,153.0,,,,,,,,1.0,-1.0
Strength Training,2024-03-08 19:45:10,Strength,,370.0,46.0,138.0,173.0,,,,,,220.0,110.0,16.0,-4.0
Yoga,2024-03-08 18:20:43,Yoga,,31.0,8.59,97.0,114.0,,,,,,,,2.0,-1.0
Cardio,2024-03-05 22:17:37,Cardio,,270.0,24.9,157.0,178.0,,,,,,,,,
Yoga,2024-03-05 22:12:14,Yoga,,50.0,5.16,144.0,152.0,,,,,,,,2.0,
Strength Training,2024-03-05 21:29:41,Strength,,371.0,40.92,145.0,174.0,,,,,,86.0,43.0,10.0,
Strength Training,2024-03-05 21:17:11,Strength,,129.0,12.17,153.0,177.0,,,,,,18.0,9.0,3.0,
Cardio,2024-03-04 20:52:57,Cardio,,353.0,30.18,167.0,187.0,,,,,,,,,-6.0
Yoga,2024-03-04 20:48:29,Yoga,,46.0,4.28,151.0,170.0,,,,,,,,2.0,
Strength Training,2024-03-04 20:11:39,Strength,,365.0,36.55,150.0,184.0,,,,,,170.0,105.0,12.0,-6.0
Yoga,2024-02-26 00:21:16,Yoga,,85.0,14.9,115.0,143.0,,,,,,,,2.0,
Cardio,2024-02-25 11:58:13,Cardio,,397.0,34.8,165.0,185.0,,,,,,,,,-8.0
Yoga,2024-02-25 11:52:34,Yoga,,58.0,5.46,151.0,172.0,,,,,,,,3.0,-1.0
Strength Training,2024-02-25 10:55:23,Strength,,587.0,54.9,162.0,187.0,,,,,,74.0,37.0,8.0,-14.0
Cardio,2024-02-19 19:26:58,Cardio,,116.0,10.6,156.0,176.0,,,,,,,,,-1.0
Yoga,2024-02-19 19:22:29,Yoga,,39.0,4.28,140.0,149.0,,,,,,,,2.0,
Strength Training,2024-02-19 19:06:56,Strength,,116.0,12.37,140.0,166.0,,,,,,116.0,58.0,5.0,-1.0
Strength Training,2024-02-19 18:40:57,Strength,,240.0,25.75,146.0,180.0,,,,,,112.0,56.0,7.0,-2.0
Running,2024-02-19 17:34:28,Monterey County Walking,1.87,236.0,27.0,153.0,186.0,,,17.0,17.0,0.81,,,,-3.0
Strength Training,2024-02-18 17:13:08,Strength,,380.0,50.47,135.0,170.0,,,,,,150.0,75.0,8.0,-4.0
Walking,2024-02-18 10:59:19,Santa Cruz County Walking,1.72,219.0,35.92,126.0,140.0,,,117.0,112.0,0.78,,,,-3.0
Cardio,2024-02-15 22:19:18,Cardio,,239.0,20.33,168.0,188.0,,,,,,,,,-4.0
Walking,2024-02-13 12:30:58,Santa Cruz Walking,0.92,111.0,19.03,114.0,127.0,,,20.0,13.0,0.81,,,,-2.0
Running,2024-02-10 17:20:30,Santa Cruz County Running,3.19,491.0,48.62,169.0,201.0,,,126.0,163.0,0.76,,,,-8.0
Walking,2024-02-08 09:53:37,Santa Cruz Walking,1.02,161.0,21.55,136.0,152.0,,,246.0,37.0,0.69,,,,-5.0
Cardio,2024-02-05 19:57:07,Cardio,,135.0,13.55,147.0,173.0,,,,,,978.0,,,-2.0
Yoga,2024-02-05 19:53:13,Yoga,,36.0,3.71,142.0,149.0,,,,,,,,2.0,
Strength Training,2024-02-05 19:25:57,Strength,,262.0,27.07,147.0,168.0,,,,,,10.0,5.0,1.0,-3.0
Walking,2024-02-05 14:21:26,Salinas Walking,0.72,86.0,17.67,103.0,115.0,,,,,0.72,,,,-1.0
Cardio,2024-02-03 19:42:20,Cardio,,154.0,13.98,160.0,180.0,,,,,,,,,-3.0
Strength Training,2024-02-03 19:23:37,Strength,,176.0,18.55,144.0,181.0,,,,,,6.0,3.0,1.0,-4.0
Strength Training,2024-02-03 19:03:27,Strength,,172.0,17.8,144.0,166.0,,,,,,66.0,33.0,4.0,-19.0
Running,2024-02-02 16:51:11,Monterey County Running,2.26,399.0,37.65,167.0,199.0,,,84.0,82.0,0.92,,,,-7.0
Yoga,2024-02-02 16:47:46,Yoga,,30.0,3.22,139.0,159.0,,,,,,,,2.0,
Cardio,2024-02-01 22:29:49,Cardio,,253.0,22.82,159.0,179.0,,,,,,,,,-4.0
Yoga,2024-02-01 22:25:54,Yoga,,36.0,3.63,145.0,160.0,,,,,,,,2.0,-1.0
Strength Training,2024-02-01 21:51:36,Strength,,292.0,31.98,143.0,173.0,,,,,,52.0,67.0,6.0,-5.0
Cardio,2024-01-31 22:37:39,Cardio,,121.0,12.13,146.0,172.0,,,,,,946.0,,1.0,
Yoga,2024-01-31 22:34:25,Yoga,,23.0,2.89,127.0,149.0,,,,,,,,2.0,
Strength Training,2024-01-31 21:53:26,Strength,,348.0,40.78,140.0,166.0,,,,,,70.0,36.0,5.0,
Walking,2024-01-30 17:03:46,Santa Cruz County Walking,1.0,120.0,31.72,87.0,110.0,,,59.0,58.0,0.82,,,,-3.0
Running,2024-01-29 17:28:12,Monterey County Running,2.52,421.0,39.95,168.0,203.0,,,112.0,112.0,0.84,,,,-6.0
Yoga,2024-01-29 17:24:00,Yoga,,36.0,3.7,136.0,156.0,,,,,,,,1.0,-1.0
Strength Training,2024-01-27 14:50:19,Strength,,507.0,52.95,146.0,175.0,,,,,,72.0,36.0,8.0,-10.0
Cardio,2024-01-26 21:27:26,Cardio,,453.0,35.2,171.0,183.0,,,,,,,,,-10.0
Yoga,2024-01-26 21:24:35,Yoga,,24.0,2.63,137.0,161.0,,,,,,,,1.0,
Walking,2024-01-25 09:16:00,Santa Cruz Walking,1.12,163.0,23.52,121.0,136.0,,,216.0,,0.7,,,,-3.0
Walking,2024-01-22 16:54:45,Santa Cruz Walking,1.02,210.0,30.77,119.0,136.0,,,293.0,,0.6,,,,-2.0
Strength Training,2024-01-17 18:02:37,Strength,,261.0,44.7,112.0,149.0,,,,,,92.0,46.0,6.0,-2.0
Cardio,2024-01-15 19:23:50,Cardio,,197.0,18.97,144.0,171.0,,,,,,,,,-4.0
Yoga,2024-01-15 19:18:30,Yoga,,35.0,5.02,114.0,127.0,,,,,,,,2.0,-1.0
Strength Training,2024-01-15 18:44:06,Strength,,190.0,33.43,110.0,131.0,,,,,,20.0,10.0,1.0,-2.0
Strength Training,2024-01-15 18:16:48,Strength,,166.0,20.33,125.0,153.0,,,,,,28.0,14.0,2.0,-4.0
Cardio,2024-01-14 11:58:54,Cardio,,161.0,13.88,156.0,174.0,,,,,,,,,-4.0
Yoga,2024-01-14 11:51:36,Yoga,,59.0,6.06,133.0,152.0,,,,,,,,1.0,-1.0
Strength Training,2024-01-14 11:22:52,Strength,,258.0,27.68,138.0,177.0,,,,,,24.0,12.0,1.0,-7.0
Strength Training,2024-01-14 10:58:21,Strength,,262.0,23.83,150.0,171.0,,,,,,28.0,14.0,1.0,-8.0
Cardio,2024-01-12 21:18:29,Cardio,,232.0,21.7,150.0,174.0,,,,,,,,,-4.0
Strength Training,2024-01-12 20:17:36,Strength,,418.0,45.82,140.0,170.0,,,,,,,40.0,4.0,-8.0
