source_name,unit,start_date,end_date,value
Watch,count/min,2023-11-23 01:22:28-07:00,2023-11-23 01:22:28-07:00,26.5
Watch,count/min,2023-11-23 01:33:58-07:00,2023-11-23 01:33:58-07:00,21.5
Watch,count/min,2023-11-23 02:23:28-07:00,2023-11-23 02:23:28-07:00,21.5
Watch,count/min,2023-11-23 02:40:28-07:00,2023-11-23 02:40:28-07:00,20.0
Watch,count/min,2023-11-23 02:51:28-07:00,2023-11-23 02:51:28-07:00,23.5
Watch,count/min,2023-11-23 02:51:58-07:00,2023-11-23 02:51:58-07:00,23.0
Watch,count/min,2023-11-23 03:10:58-07:00,2023-11-23 03:10:58-07:00,18.5
Watch,count/min,2023-11-23 03:17:58-07:00,2023-11-23 03:17:58-07:00,18.5
Watch,count/min,2023-11-23 03:23:58-07:00,2023-11-23 03:23:58-07:00,18.0
Watch,count/min,2023-11-23 03:33:29-07:00,2023-11-23 03:33:29-07:00,17.5
Watch,count/min,2023-11-23 03:43:59-07:00,2023-11-23 03:43:59-07:00,17.5
Watch,count/min,2023-11-23 03:56:59-07:00,2023-11-23 03:56:59-07:00,17.5
Watch,count/min,2023-11-23 04:05:29-07:00,2023-11-23 04:05:29-07:00,17.0
Watch,count/min,2023-11-23 04:19:59-07:00,2023-11-23 04:19:59-07:00,16.0
Watch,count/min,2023-11-23 04:29:59-07:00,2023-11-23 04:29:59-07:00,17.0
Watch,count/min,2023-11-23 04:37:59-07:00,2023-11-23 04:37:59-07:00,16.0
Watch,count/min,2023-11-23 04:48:59-07:00,2023-11-23 04:48:59-07:00,20.0
Watch,count/min,2023-11-23 05:01:29-07:00,2023-11-23 05:01:29-07:00,17.0
Watch,count/min,2023-11-23 05:07:29-07:00,2023-11-23 05:07:29-07:00,16.5
Watch,count/min,2023-11-23 05:17:29-07:00,2023-11-23 05:17:29-07:00,16.5
Watch,count/min,2023-11-23 05:22:29-07:00,2023-11-23 05:22:29-07:00,16.0
Watch,count/min,2023-11-23 05:32:59-07:00,2023-11-23 05:32:59-07:00,17.0
Watch,count/min,2023-11-23 05:41:59-07:00,2023-11-23 05:41:59-07:00,17.5
Watch,count/min,2023-11-23 05:55:59-07:00,2023-11-23 05:55:59-07:00,17.0
Watch,count/min,2023-11-23 06:11:29-07:00,2023-11-23 06:11:29-07:00,16.5
Watch,count/min,2023-11-23 06:16:59-07:00,2023-11-23 06:16:59-07:00,17.0
Watch,count/min,2023-11-23 06:30:29-07:00,2023-11-23 06:30:29-07:00,17.0
Watch,count/min,2023-11-23 06:35:29-07:00,2023-11-23 06:35:29-07:00,22.0
Watch,count/min,2023-11-23 06:42:59-07:00,2023-11-23 06:42:59-07:00,16.0
Watch,count/min,2023-11-23 07:00:59-07:00,2023-11-23 07:00:59-07:00,16.0
Watch,count/min,2023-11-23 07:08:29-07:00,2023-11-23 07:08:29-07:00,17.0
Watch,count/min,2023-11-23 07:19:59-07:00,2023-11-23 07:19:59-07:00,17.5
Watch,count/min,2023-11-23 07:22:59-07:00,2023-11-23 07:22:59-07:00,16.5
Watch,count/min,2023-11-23 07:40:30-07:00,2023-11-23 07:40:30-07:00,17.0
Watch,count/min,2023-11-23 07:48:00-07:00,2023-11-23 07:48:00-07:00,15.5
Watch,count/min,2023-11-23 07:55:00-07:00,2023-11-23 07:55:00-07:00,17.5
Watch,count/min,2023-11-23 08:02:00-07:00,2023-11-23 08:02:00-07:00,16.5
Watch,count/min,2023-11-23 08:15:30-07:00,2023-11-23 08:15:30-07:00,17.0
Watch,count/min,2023-11-27 22:34:06-07:00,2023-11-27 22:34:06-07:00,24.0
Watch,count/min,2023-11-27 22:35:36-07:00,2023-11-27 22:35:36-07:00,25.0
Watch,count/min,2023-11-27 23:29:37-07:00,2023-11-27 23:29:37-07:00,22.0
Watch,count/min,2023-11-27 23:40:37-07:00,2023-11-27 23:40:37-07:00,24.5
Watch,count/min,2023-11-28 01:13:37-07:00,2023-11-28 01:13:37-07:00,25.0
Watch,count/min,2023-12-07 03:03:42-07:00,2023-12-07 03:03:42-07:00,22.5
Watch,count/min,2023-12-07 03:14:42-07:00,2023-12-07 03:14:42-07:00,21.5
Watch,count/min,2023-12-07 03:26:42-07:00,2023-12-07 03:26:42-07:00,20.0
Watch,count/min,2023-12-07 03:28:12-07:00,2023-12-07 03:28:12-07:00,20.5
Watch,count/min,2023-12-07 03:45:43-07:00,2023-12-07 03:45:43-07:00,18.5
Watch,count/min,2023-12-07 03:50:43-07:00,2023-12-07 03:50:43-07:00,18.5
Watch,count/min,2023-12-07 03:58:13-07:00,2023-12-07 03:58:13-07:00,17.5
Watch,count/min,2023-12-07 04:14:43-07:00,2023-12-07 04:14:43-07:00,18.5
Watch,count/min,2023-12-07 04:20:14-07:00,2023-12-07 04:20:14-07:00,19.0
Watch,count/min,2023-12-07 04:36:44-07:00,2023-12-07 04:36:44-07:00,17.0
Watch,count/min,2023-12-07 04:40:14-07:00,2023-12-07 04:40:14-07:00,18.0
Watch,count/min,2023-12-07 04:51:14-07:00,2023-12-07 04:51:14-07:00,17.0
Watch,count/min,2023-12-07 05:06:45-07:00,2023-12-07 05:06:45-07:00,18.0
Watch,count/min,2023-12-07 05:16:15-07:00,2023-12-07 05:16:15-07:00,18.5
Watch,count/min,2023-12-07 05:24:45-07:00,2023-12-07 05:24:45-07:00,18.0
Watch,count/min,2023-12-07 05:30:15-07:00,2023-12-07 05:30:15-07:00,17.5
Watch,count/min,2023-12-07 05:39:15-07:00,2023-12-07 05:39:15-07:00,19.0
Watch,count/min,2023-12-07 05:49:15-07:00,2023-12-07 05:49:15-07:00,17.5
Watch,count/min,2023-12-07 06:02:46-07:00,2023-12-07 06:02:46-07:00,19.0
Watch,count/min,2023-12-07 06:14:16-07:00,2023-12-07 06:14:16-07:00,18.0
Watch,count/min,2023-12-07 06:23:46-07:00,2023-12-07 06:23:46-07:00,19.5
Watch,count/min,2023-12-07 06:28:16-07:00,2023-12-07 06:28:16-07:00,18.0
Watch,count/min,2023-12-07 06:38:46-07:00,2023-12-07 06:38:46-07:00,17.5
Watch,count/min,2023-12-07 06:55:16-07:00,2023-12-07 06:55:16-07:00,17.5
Watch,count/min,2023-12-07 07:05:46-07:00,2023-12-07 07:05:46-07:00,17.0
Watch,count/min,2023-12-07 07:14:16-07:00,2023-12-07 07:14:16-07:00,17.0
Watch,count/min,2023-12-07 07:17:46-07:00,2023-12-07 07:17:46-07:00,18.0
Watch,count/min,2023-12-07 07:31:16-07:00,2023-12-07 07:31:16-07:00,18.5
Watch,count/min,2023-12-07 07:39:46-07:00,2023-12-07 07:39:46-07:00,16.5
Watch,count/min,2023-12-07 07:53:16-07:00,2023-12-07 07:53:16-07:00,20.0
Watch,count/min,2023-12-07 08:02:16-07:00,2023-12-07 08:02:16-07:00,19.0
Watch,count/min,2023-12-07 08:08:16-07:00,2023-12-07 08:08:16-07:00,16.0
Watch,count/min,2023-12-07 08:24:17-07:00,2023-12-07 08:24:17-07:00,17.5
Watch,count/min,2023-12-07 08:34:47-07:00,2023-12-07 08:34:47-07:00,18.5
Watch,count/min,2023-12-07 08:42:17-07:00,2023-12-07 08:42:17-07:00,18.0
Watch,count/min,2023-12-07 08:51:17-07:00,2023-12-07 08:51:17-07:00,18.5
Watch,count/min,2023-06-02 00:18:06-07:00,2023-06-02 00:18:06-07:00,20.5
Watch,count/min,2023-06-05 01:36:01-07:00,2023-06-05 01:36:01-07:00,20.0
Watch,count/min,2023-06-05 01:51:01-07:00,2023-06-05 01:51:01-07:00,16.0
Watch,count/min,2023-06-05 02:03:32-07:00,2023-06-05 02:03:32-07:00,16.5
Watch,count/min,2023-06-05 02:07:02-07:00,2023-06-05 02:07:02-07:00,17.0
Watch,count/min,2023-06-05 02:23:32-07:00,2023-06-05 02:23:32-07:00,16.0
Watch,count/min,2023-06-05 02:25:02-07:00,2023-06-05 02:25:02-07:00,15.5
Watch,count/min,2023-06-05 02:38:02-07:00,2023-06-05 02:38:02-07:00,15.5
Watch,count/min,2023-06-05 02:52:32-07:00,2023-06-05 02:52:32-07:00,17.5
Watch,count/min,2023-06-05 03:03:03-07:00,2023-06-05 03:03:03-07:00,18.5
Watch,count/min,2023-06-05 03:05:03-07:00,2023-06-05 03:05:03-07:00,17.0
Watch,count/min,2023-06-05 03:14:33-07:00,2023-06-05 03:14:33-07:00,18.0
Watch,count/min,2023-06-05 03:33:03-07:00,2023-06-05 03:33:03-07:00,13.0
Watch,count/min,2023-06-05 03:41:33-07:00,2023-06-05 03:41:33-07:00,13.0
Watch,count/min,2023-06-05 03:51:34-07:00,2023-06-05 03:51:34-07:00,16.5
Watch,count/min,2023-06-05 04:01:34-07:00,2023-06-05 04:01:34-07:00,15.5
Watch,count/min,2023-06-05 04:06:04-07:00,2023-06-05 04:06:04-07:00,16.0
Watch,count/min,2023-06-05 04:15:04-07:00,2023-06-05 04:15:04-07:00,16.5
Watch,count/min,2023-06-05 04:33:04-07:00,2023-06-05 04:33:04-07:00,16.5
Watch,count/min,2023-06-05 04:40:34-07:00,2023-06-05 04:40:34-07:00,17.0
Watch,count/min,2023-06-05 04:45:04-07:00,2023-06-05 04:45:04-07:00,17.0
Watch,count/min,2023-06-05 04:54:05-07:00,2023-06-05 04:54:05-07:00,16.0
Watch,count/min,2023-06-05 05:10:05-07:00,2023-06-05 05:10:05-07:00,15.0
Watch,count/min,2023-06-05 05:16:35-07:00,2023-06-05 05:16:35-07:00,17.5
Watch,count/min,2023-06-05 05:25:05-07:00,2023-06-05 05:25:05-07:00,18.0
Watch,count/min,2023-06-05 05:43:05-07:00,2023-06-05 05:43:05-07:00,17.0
Watch,count/min,2023-06-05 05:45:05-07:00,2023-06-05 05:45:05-07:00,17.5
Watch,count/min,2023-06-17 21:28:06-07:00,2023-06-17 21:28:06-07:00,27.5
Watch,count/min,2023-06-20 06:01:29-07:00,2023-06-20 06:01:29-07:00,34.5
Watch,count/min,2023-06-25 22:09:06-07:00,2023-06-25 22:09:06-07:00,24.0
Watch,count/min,2023-06-25 22:13:36-07:00,2023-06-25 22:13:36-07:00,22.5
Watch,count/min,2023-06-25 22:23:36-07:00,2023-06-25 22:23:36-07:00,24.0
Watch,count/min,2023-06-25 22:35:06-07:00,2023-06-25 22:35:06-07:00,25.5
Watch,count/min,2023-06-25 22:41:06-07:00,2023-06-25 22:41:06-07:00,26.0
Watch,count/min,2023-07-05 22:11:06-07:00,2023-07-05 22:11:06-07:00,19.0
Watch,count/min,2023-07-05 22:16:06-07:00,2023-07-05 22:16:06-07:00,17.5
Watch,count/min,2023-07-05 22:27:06-07:00,2023-07-05 22:27:06-07:00,18.5
Watch,count/min,2023-07-05 22:43:07-07:00,2023-07-05 22:43:07-07:00,17.5
Watch,count/min,2023-07-05 22:47:07-07:00,2023-07-05 22:47:07-07:00,18.0
Watch,count/min,2023-07-05 23:03:07-07:00,2023-07-05 23:03:07-07:00,18.0
Watch,count/min,2023-07-05 23:07:07-07:00,2023-07-05 23:07:07-07:00,19.5
Watch,count/min,2023-07-05 23:18:07-07:00,2023-07-05 23:18:07-07:00,19.5
Watch,count/min,2023-07-05 23:29:38-07:00,2023-07-05 23:29:38-07:00,19.0
Watch,count/min,2023-07-05 23:41:08-07:00,2023-07-05 23:41:08-07:00,18.0
Watch,count/min,2023-07-05 23:54:38-07:00,2023-07-05 23:54:38-07:00,18.5
Watch,count/min,2023-07-06 00:04:38-07:00,2023-07-06 00:04:38-07:00,19.0
Watch,count/min,2023-07-06 00:08:38-07:00,2023-07-06 00:08:38-07:00,21.0
Watch,count/min,2023-07-06 00:19:39-07:00,2023-07-06 00:19:39-07:00,21.5
Watch,count/min,2023-07-06 00:31:09-07:00,2023-07-06 00:31:09-07:00,22.0
Watch,count/min,2023-07-06 00:43:39-07:00,2023-07-06 00:43:39-07:00,22.5
Watch,count/min,2023-07-06 00:48:09-07:00,2023-07-06 00:48:09-07:00,22.5
Watch,count/min,2023-07-06 01:00:39-07:00,2023-07-06 01:00:39-07:00,18.0
Watch,count/min,2023-07-06 01:13:39-07:00,2023-07-06 01:13:39-07:00,19.0
Watch,count/min,2023-07-06 01:24:09-07:00,2023-07-06 01:24:09-07:00,18.5
Watch,count/min,2023-07-06 01:28:09-07:00,2023-07-06 01:28:09-07:00,18.0
Watch,count/min,2023-07-06 01:39:39-07:00,2023-07-06 01:39:39-07:00,19.0
Watch,count/min,2023-07-06 01:53:10-07:00,2023-07-06 01:53:10-07:00,19.0
Watch,count/min,2023-07-06 01:58:10-07:00,2023-07-06 01:58:10-07:00,19.0
Watch,count/min,2023-07-06 02:10:10-07:00,2023-07-06 02:10:10-07:00,18.5
Watch,count/min,2023-07-06 02:19:10-07:00,2023-07-06 02:19:10-07:00,19.0
Watch,count/min,2023-07-06 02:33:10-07:00,2023-07-06 02:33:10-07:00,17.5
Watch,count/min,2023-07-06 02:40:40-07:00,2023-07-06 02:40:40-07:00,17.5
Watch,count/min,2023-07-06 02:52:40-07:00,2023-07-06 02:52:40-07:00,17.5
Watch,count/min,2023-07-06 02:57:40-07:00,2023-07-06 02:57:40-07:00,17.5
Watch,count/min,2023-07-06 03:22:40-07:00,2023-07-06 03:22:40-07:00,17.0
Watch,count/min,2023-08-14 23:28:36-07:00,2023-08-14 23:28:36-07:00,24.0
Watch,count/min,2023-08-31 00:42:09-07:00,2023-08-31 00:42:09-07:00,22.0
Watch,count/min,2023-10-11 22:11:36-07:00,2023-10-11 22:11:36-07:00,24.0
Watch,count/min,2023-11-18 02:54:07-07:00,2023-11-18 02:54:07-07:00,17.0
Watch,count/min,2023-11-18 03:02:07-07:00,2023-11-18 03:02:07-07:00,16.5
Watch,count/min,2023-11-18 03:08:37-07:00,2023-11-18 03:08:37-07:00,16.0
Watch,count/min,2023-11-18 03:17:37-07:00,2023-11-18 03:17:37-07:00,16.5
Watch,count/min,2023-11-18 03:27:07-07:00,2023-11-18 03:27:07-07:00,17.0
Watch,count/min,2023-11-18 03:36:37-07:00,2023-11-18 03:36:37-07:00,17.0
Watch,count/min,2023-11-18 03:46:07-07:00,2023-11-18 03:46:07-07:00,16.5
Watch,count/min,2023-11-18 03:57:07-07:00,2023-11-18 03:57:07-07:00,17.0
Watch,count/min,2023-11-18 04:09:07-07:00,2023-11-18 04:09:07-07:00,17.5
Watch,count/min,2023-11-18 04:19:07-07:00,2023-11-18 04:19:07-07:00,17.5
Watch,count/min,2023-11-18 04:30:07-07:00,2023-11-18 04:30:07-07:00,17.5
Watch,count/min,2023-11-18 04:40:07-07:00,2023-11-18 04:40:07-07:00,18.5
Watch,count/min,2023-11-18 04:53:37-07:00,2023-11-18 04:53:37-07:00,17.0
Watch,count/min,2023-11-18 04:59:07-07:00,2023-11-18 04:59:07-07:00,17.5
Watch,count/min,2023-11-18 05:09:07-07:00,2023-11-18 05:09:07-07:00,18.0
Watch,count/min,2023-11-18 05:19:37-07:00,2023-11-18 05:19:37-07:00,19.5
Watch,count/min,2023-11-18 05:33:37-07:00,2023-11-18 05:33:37-07:00,17.0
Watch,count/min,2023-11-18 05:37:07-07:00,2023-11-18 05:37:07-07:00,18.0
Watch,count/min,2023-11-18 05:46:07-07:00,2023-11-18 05:46:07-07:00,17.5
Watch,count/min,2023-11-18 05:59:37-07:00,2023-11-18 05:59:37-07:00,17.5
Watch,count/min,2023-11-18 06:07:07-07:00,2023-11-18 06:07:07-07:00,17.5
Watch,count/min,2023-11-18 06:24:37-07:00,2023-11-18 06:24:37-07:00,16.5
Watch,count/min,2023-11-18 06:28:07-07:00,2023-11-18 06:28:07-07:00,17.0
Watch,count/min,2023-11-18 06:39:37-07:00,2023-11-18 06:39:37-07:00,18.0
Watch,count/min,2023-11-18 06:52:37-07:00,2023-11-18 06:52:37-07:00,16.5
Watch,count/min,2023-11-18 06:57:37-07:00,2023-11-18 06:57:37-07:00,18.5
Watch,count/min,2023-11-18 07:11:37-07:00,2023-11-18 07:11:37-07:00,19.0
Watch,count/min,2023-11-18 07:18:07-07:00,2023-11-18 07:18:07-07:00,18.5
Watch,count/min,2023-11-18 07:32:37-07:00,2023-11-18 07:32:37-07:00,17.5
Watch,count/min,2023-11-18 07:39:37-07:00,2023-11-18 07:39:37-07:00,16.5
Watch,count/min,2023-11-18 07:50:07-07:00,2023-11-18 07:50:07-07:00,16.5
Watch,count/min,2023-11-18 07:58:37-07:00,2023-11-18 07:58:37-07:00,17.5
Watch,count/min,2023-11-18 08:08:08-07:00,2023-11-18 08:08:08-07:00,16.5
Watch,count/min,2023-11-18 08:19:38-07:00,2023-11-18 08:19:38-07:00,18.0
Watch,count/min,2023-11-18 08:25:38-07:00,2023-11-18 08:25:38-07:00,21.0
Watch,count/min,2023-11-18 08:44:38-07:00,2023-11-18 08:44:38-07:00,16.5
Watch,count/min,2023-11-18 08:45:38-07:00,2023-11-18 08:45:38-07:00,16.5
Watch,count/min,2023-11-18 09:03:08-07:00,2023-11-18 09:03:08-07:00,16.5
Watch,count/min,2023-11-18 09:06:08-07:00,2023-11-18 09:06:08-07:00,16.5
Watch,count/min,2023-11-18 09:16:08-07:00,2023-11-18 09:16:08-07:00,18.0
Watch,count/min,2023-11-18 09:28:08-07:00,2023-11-18 09:28:08-07:00,16.0
Watch,count/min,2023-11-18 09:36:08-07:00,2023-11-18 09:36:08-07:00,17.5
Watch,count/min,2023-11-18 09:50:08-07:00,2023-11-18 09:50:08-07:00,22.5
Watch,count/min,2023-11-18 10:01:38-07:00,2023-11-18 10:01:38-07:00,17.5
Watch,count/min,2023-11-18 10:08:38-07:00,2023-11-18 10:08:38-07:00,16.5
Watch,count/min,2023-11-18 10:15:38-07:00,2023-11-18 10:15:38-07:00,18.5
Watch,count/min,2023-11-18 10:29:38-07:00,2023-11-18 10:29:38-07:00,17.5
Watch,count/min,2023-11-18 10:37:38-07:00,2023-11-18 10:37:38-07:00,17.0
Watch,count/min,2023-11-18 10:50:08-07:00,2023-11-18 10:50:08-07:00,15.5
Watch,count/min,2023-11-18 10:57:38-07:00,2023-11-18 10:57:38-07:00,16.0
Watch,count/min,2023-11-18 11:08:08-07:00,2023-11-18 11:08:08-07:00,17.5
Watch,count/min,2022-12-01 01:51:37-07:00,2022-12-01 01:51:37-07:00,26.5
Watch,count/min,2022-12-01 02:09:37-07:00,2022-12-01 02:09:37-07:00,26.5
Watch,count/min,2022-12-01 02:13:37-07:00,2022-12-01 02:13:37-07:00,28.0
Watch,count/min,2022-12-01 03:16:38-07:00,2022-12-01 03:16:38-07:00,24.0
Watch,count/min,2023-01-23 22:48:36-07:00,2023-01-23 22:48:36-07:00,33.0
Watch,count/min,2023-03-07 00:12:35-07:00,2023-03-07 00:12:35-07:00,25.5
Watch,count/min,2023-03-07 00:20:35-07:00,2023-03-07 00:20:35-07:00,24.5
Watch,count/min,2023-03-07 00:32:05-07:00,2023-03-07 00:32:05-07:00,23.5
Watch,count/min,2023-03-07 00:42:35-07:00,2023-03-07 00:42:35-07:00,22.5
Watch,count/min,2023-03-07 00:54:05-07:00,2023-03-07 00:54:05-07:00,22.5
Watch,count/min,2023-03-07 01:01:05-07:00,2023-03-07 01:01:05-07:00,22.5
Watch,count/min,2023-03-07 01:18:05-07:00,2023-03-07 01:18:05-07:00,23.0
Watch,count/min,2023-03-07 01:23:35-07:00,2023-03-07 01:23:35-07:00,22.0
Watch,count/min,2023-03-07 01:39:05-07:00,2023-03-07 01:39:05-07:00,17.5
Watch,count/min,2023-03-07 01:45:06-07:00,2023-03-07 01:45:06-07:00,17.0
Watch,count/min,2023-03-07 01:55:06-07:00,2023-03-07 01:55:06-07:00,17.0
Watch,count/min,2023-03-07 02:04:36-07:00,2023-03-07 02:04:36-07:00,17.5
Watch,count/min,2023-03-07 02:13:06-07:00,2023-03-07 02:13:06-07:00,17.0
Watch,count/min,2023-03-07 02:29:37-07:00,2023-03-07 02:29:37-07:00,16.5
Watch,count/min,2023-03-07 02:32:37-07:00,2023-03-07 02:32:37-07:00,18.0
Watch,count/min,2023-03-07 02:49:07-07:00,2023-03-07 02:49:07-07:00,17.5
Watch,count/min,2023-03-07 02:56:37-07:00,2023-03-07 02:56:37-07:00,18.0
Watch,count/min,2023-03-07 03:04:07-07:00,2023-03-07 03:04:07-07:00,16.5
Watch,count/min,2023-03-07 03:19:07-07:00,2023-03-07 03:19:07-07:00,17.0
Watch,count/min,2023-03-07 03:28:37-07:00,2023-03-07 03:28:37-07:00,17.5
Watch,count/min,2023-03-07 03:36:07-07:00,2023-03-07 03:36:07-07:00,18.0
Watch,count/min,2023-03-07 03:44:07-07:00,2023-03-07 03:44:07-07:00,17.5
Watch,count/min,2023-03-07 03:55:37-07:00,2023-03-07 03:55:37-07:00,18.0
Watch,count/min,2023-03-07 04:05:37-07:00,2023-03-07 04:05:37-07:00,17.5
Watch,count/min,2023-03-07 04:19:08-07:00,2023-03-07 04:19:08-07:00,18.0
Watch,count/min,2023-03-07 04:26:08-07:00,2023-03-07 04:26:08-07:00,17.5
Watch,count/min,2023-03-07 04:31:38-07:00,2023-03-07 04:31:38-07:00,17.0
Watch,count/min,2023-03-07 04:40:08-07:00,2023-03-07 04:40:08-07:00,17.0
Watch,count/min,2023-03-07 04:51:08-07:00,2023-03-07 04:51:08-07:00,17.0
Watch,count/min,2023-03-07 05:06:08-07:00,2023-03-07 05:06:08-07:00,17.0
Watch,count/min,2023-03-07 05:12:38-07:00,2023-03-07 05:12:38-07:00,17.0
Watch,count/min,2023-03-07 05:25:38-07:00,2023-03-07 05:25:38-07:00,16.5
Watch,count/min,2023-03-07 05:39:08-07:00,2023-03-07 05:39:08-07:00,16.5
Watch,count/min,2023-03-07 05:42:08-07:00,2023-03-07 05:42:08-07:00,17.5
Watch,count/min,2023-03-07 05:53:38-07:00,2023-03-07 05:53:38-07:00,17.0
Watch,count/min,2023-03-07 06:02:08-07:00,2023-03-07 06:02:08-07:00,16.5
Watch,count/min,2023-03-07 06:11:09-07:00,2023-03-07 06:11:09-07:00,16.5
Watch,count/min,2023-03-07 06:26:39-07:00,2023-03-07 06:26:39-07:00,18.0
Watch,count/min,2023-03-07 06:32:39-07:00,2023-03-07 06:32:39-07:00,16.5
Watch,count/min,2023-03-07 06:49:09-07:00,2023-03-07 06:49:09-07:00,17.5
Watch,count/min,2023-03-07 06:57:39-07:00,2023-03-07 06:57:39-07:00,17.5
Watch,count/min,2023-03-07 07:00:39-07:00,2023-03-07 07:00:39-07:00,17.5
Watch,count/min,2023-03-07 07:16:09-07:00,2023-03-07 07:16:09-07:00,16.5
Watch,count/min,2023-03-07 07:26:39-07:00,2023-03-07 07:26:39-07:00,17.5
Watch,count/min,2023-03-07 07:30:09-07:00,2023-03-07 07:30:09-07:00,16.5
Watch,count/min,2023-03-07 07:42:09-07:00,2023-03-07 07:42:09-07:00,18.0
Watch,count/min,2023-03-07 07:52:09-07:00,2023-03-07 07:52:09-07:00,17.5
Watch,count/min,2023-03-12 22:04:06-07:00,2023-03-12 22:04:06-07:00,27.5
Watch,count/min,2023-03-27 00:08:03-07:00,2023-03-27 00:08:03-07:00,23.5
Watch,count/min,2023-03-27 00:12:03-07:00,2023-03-27 00:12:03-07:00,22.0
Watch,count/min,2023-04-02 23:05:57-07:00,2023-04-02 23:05:57-07:00,22.0
Watch,count/min,2023-04-02 23:14:28-07:00,2023-04-02 23:14:28-07:00,15.5
Watch,count/min,2023-04-02 23:22:58-07:00,2023-04-02 23:22:58-07:00,22.5
Watch,count/min,2023-04-02 23:35:28-07:00,2023-04-02 23:35:28-07:00,18.5
Watch,count/min,2023-04-02 23:44:28-07:00,2023-04-02 23:44:28-07:00,19.5
Watch,count/min,2023-04-02 23:54:58-07:00,2023-04-02 23:54:58-07:00,13.0
Watch,count/min,2023-04-03 00:08:29-07:00,2023-04-03 00:08:29-07:00,20.5
Watch,count/min,2023-04-03 00:16:29-07:00,2023-04-03 00:16:29-07:00,20.5
Watch,count/min,2023-04-03 00:26:59-07:00,2023-04-03 00:26:59-07:00,20.0
Watch,count/min,2023-04-03 00:34:29-07:00,2023-04-03 00:34:29-07:00,19.0
Watch,count/min,2023-04-03 00:47:59-07:00,2023-04-03 00:47:59-07:00,18.5
Watch,count/min,2023-04-03 00:56:29-07:00,2023-04-03 00:56:29-07:00,19.0
Watch,count/min,2023-04-03 01:00:59-07:00,2023-04-03 01:00:59-07:00,19.0
Watch,count/min,2023-04-03 01:09:00-07:00,2023-04-03 01:09:00-07:00,20.5
Watch,count/min,2023-04-04 22:59:36-07:00,2023-04-04 22:59:36-07:00,25.5
Watch,count/min,2023-04-10 06:00:03-07:00,2023-04-10 06:00:03-07:00,22.0
Watch,count/min,2023-04-10 06:07:33-07:00,2023-04-10 06:07:33-07:00,23.0
Watch,count/min,2023-04-10 06:22:04-07:00,2023-04-10 06:22:04-07:00,21.0
Watch,count/min,2023-04-10 06:31:04-07:00,2023-04-10 06:31:04-07:00,22.5
Watch,count/min,2023-04-10 06:38:34-07:00,2023-04-10 06:38:34-07:00,19.5
Watch,count/min,2023-04-10 06:46:04-07:00,2023-04-10 06:46:04-07:00,18.0
Watch,count/min,2023-04-10 06:54:04-07:00,2023-04-10 06:54:04-07:00,17.5
Watch,count/min,2023-04-10 07:04:05-07:00,2023-04-10 07:04:05-07:00,17.5
Watch,count/min,2023-04-10 07:16:35-07:00,2023-04-10 07:16:35-07:00,16.0
Watch,count/min,2023-04-10 07:29:05-07:00,2023-04-10 07:29:05-07:00,18.0
Watch,count/min,2023-04-10 07:33:35-07:00,2023-04-10 07:33:35-07:00,20.0
Watch,count/min,2022-05-30 02:27:38-07:00,2022-05-30 02:27:38-07:00,34.0
Watch,count/min,2022-06-02 01:20:35-07:00,2022-06-02 01:20:35-07:00,23.5
Watch,count/min,2022-06-12 23:56:44-07:00,2022-06-12 23:56:44-07:00,27.0
Watch,count/min,2022-06-13 01:08:44-07:00,2022-06-13 01:08:44-07:00,28.0
Watch,count/min,2022-06-13 01:19:44-07:00,2022-06-13 01:19:44-07:00,25.5
Watch,count/min,2022-06-13 01:32:15-07:00,2022-06-13 01:32:15-07:00,22.5
Watch,count/min,2022-06-13 01:45:15-07:00,2022-06-13 01:45:15-07:00,22.0
Watch,count/min,2022-06-13 01:55:15-07:00,2022-06-13 01:55:15-07:00,22.5
Watch,count/min,2022-06-13 01:59:45-07:00,2022-06-13 01:59:45-07:00,22.0
Watch,count/min,2022-06-13 02:08:45-07:00,2022-06-13 02:08:45-07:00,22.0
Watch,count/min,2022-06-13 02:19:45-07:00,2022-06-13 02:19:45-07:00,21.0
Watch,count/min,2022-06-13 02:32:15-07:00,2022-06-13 02:32:15-07:00,19.0
Watch,count/min,2022-06-13 02:40:45-07:00,2022-06-13 02:40:45-07:00,18.5
Watch,count/min,2022-06-13 02:56:46-07:00,2022-06-13 02:56:46-07:00,19.5
Watch,count/min,2022-06-13 03:00:46-07:00,2022-06-13 03:00:46-07:00,20.5
Watch,count/min,2022-06-13 03:13:46-07:00,2022-06-13 03:13:46-07:00,20.0
Watch,count/min,2022-06-13 03:25:16-07:00,2022-06-13 03:25:16-07:00,21.0
Watch,count/min,2022-06-13 03:35:16-07:00,2022-06-13 03:35:16-07:00,21.0
Watch,count/min,2022-06-13 03:42:16-07:00,2022-06-13 03:42:16-07:00,18.5
Watch,count/min,2022-06-13 03:53:46-07:00,2022-06-13 03:53:46-07:00,18.5
Watch,count/min,2022-06-13 04:03:46-07:00,2022-06-13 04:03:46-07:00,19.0
Watch,count/min,2022-06-13 04:14:16-07:00,2022-06-13 04:14:16-07:00,18.0
Watch,count/min,2022-06-13 04:21:16-07:00,2022-06-13 04:21:16-07:00,17.5
Watch,count/min,2022-06-13 04:33:16-07:00,2022-06-13 04:33:16-07:00,18.0
Watch,count/min,2022-06-13 04:39:16-07:00,2022-06-13 04:39:16-07:00,18.5
Watch,count/min,2022-06-13 04:54:46-07:00,2022-06-13 04:54:46-07:00,19.0
Watch,count/min,2022-06-13 05:04:46-07:00,2022-06-13 05:04:46-07:00,17.5
Watch,count/min,2022-06-13 05:15:16-07:00,2022-06-13 05:15:16-07:00,16.5
Watch,count/min,2022-06-13 05:18:16-07:00,2022-06-13 05:18:16-07:00,17.0
Watch,count/min,2022-06-13 05:35:16-07:00,2022-06-13 05:35:16-07:00,18.0
Watch,count/min,2022-06-13 05:45:47-07:00,2022-06-13 05:45:47-07:00,17.5
Watch,count/min,2022-06-13 05:56:47-07:00,2022-06-13 05:56:47-07:00,17.0
Watch,count/min,2022-06-29 00:08:36-07:00,2022-06-29 00:08:36-07:00,15.0
Watch,count/min,2022-06-29 00:12:06-07:00,2022-06-29 00:12:06-07:00,14.0
Watch,count/min,2022-07-13 23:28:08-07:00,2022-07-13 23:28:08-07:00,27.0
Watch,count/min,2022-08-02 01:01:35-07:00,2022-08-02 01:01:35-07:00,22.0
Watch,count/min,2022-08-02 01:11:35-07:00,2022-08-02 01:11:35-07:00,18.5
Watch,count/min,2022-08-02 01:25:06-07:00,2022-08-02 01:25:06-07:00,17.5
Watch,count/min,2022-08-02 01:32:06-07:00,2022-08-02 01:32:06-07:00,17.5
Watch,count/min,2022-08-02 01:46:36-07:00,2022-08-02 01:46:36-07:00,18.5
Watch,count/min,2022-08-02 01:59:06-07:00,2022-08-02 01:59:06-07:00,18.5
Watch,count/min,2022-08-02 02:06:07-07:00,2022-08-02 02:06:07-07:00,18.5
Watch,count/min,2022-08-02 02:14:37-07:00,2022-08-02 02:14:37-07:00,18.0
Watch,count/min,2022-08-02 02:23:37-07:00,2022-08-02 02:23:37-07:00,17.5
Watch,count/min,2022-08-02 02:38:07-07:00,2022-08-02 02:38:07-07:00,16.5
Watch,count/min,2022-08-02 02:41:07-07:00,2022-08-02 02:41:07-07:00,16.5
Watch,count/min,2022-08-02 02:50:37-07:00,2022-08-02 02:50:37-07:00,16.5
Watch,count/min,2022-08-02 03:07:37-07:00,2022-08-02 03:07:37-07:00,18.0
Watch,count/min,2022-08-02 03:18:37-07:00,2022-08-02 03:18:37-07:00,17.5
Watch,count/min,2022-08-02 03:22:08-07:00,2022-08-02 03:22:08-07:00,18.5
Watch,count/min,2022-08-02 03:36:38-07:00,2022-08-02 03:36:38-07:00,17.5
Watch,count/min,2022-08-02 03:49:08-07:00,2022-08-02 03:49:08-07:00,17.0
Watch,count/min,2022-08-02 03:58:38-07:00,2022-08-02 03:58:38-07:00,16.0
Watch,count/min,2022-08-02 04:00:38-07:00,2022-08-02 04:00:38-07:00,16.5
Watch,count/min,2022-08-02 04:14:38-07:00,2022-08-02 04:14:38-07:00,17.5
Watch,count/min,2022-08-02 04:27:38-07:00,2022-08-02 04:27:38-07:00,16.0
Watch,count/min,2022-08-02 04:31:38-07:00,2022-08-02 04:31:38-07:00,17.5
Watch,count/min,2022-08-02 04:45:38-07:00,2022-08-02 04:45:38-07:00,17.0
Watch,count/min,2022-08-02 04:53:38-07:00,2022-08-02 04:53:38-07:00,17.0
Watch,count/min,2022-08-02 05:00:38-07:00,2022-08-02 05:00:38-07:00,16.0
Watch,count/min,2022-08-02 05:15:38-07:00,2022-08-02 05:15:38-07:00,16.0
Watch,count/min,2022-08-02 05:25:38-07:00,2022-08-02 05:25:38-07:00,15.5
Watch,count/min,2022-08-02 05:31:08-07:00,2022-08-02 05:31:08-07:00,18.0
Watch,count/min,2022-08-02 05:46:38-07:00,2022-08-02 05:46:38-07:00,14.5
Watch,count/min,2022-08-02 05:53:08-07:00,2022-08-02 05:53:08-07:00,17.0
Watch,count/min,2022-08-02 06:08:08-07:00,2022-08-02 06:08:08-07:00,17.5
Watch,count/min,2022-08-02 06:11:38-07:00,2022-08-02 06:11:38-07:00,17.0
Watch,count/min,2022-08-02 06:20:09-07:00,2022-08-02 06:20:09-07:00,18.5
Watch,count/min,2022-08-02 06:35:39-07:00,2022-08-02 06:35:39-07:00,16.5
Watch,count/min,2022-08-02 06:47:09-07:00,2022-08-02 06:47:09-07:00,17.5
Watch,count/min,2022-09-26 02:48:40-07:00,2022-09-26 02:48:40-07:00,22.5
Watch,count/min,2022-09-26 03:10:40-07:00,2022-09-26 03:10:40-07:00,21.0
Watch,count/min,2022-09-26 03:28:10-07:00,2022-09-26 03:28:10-07:00,17.5
Watch,count/min,2022-09-26 03:37:11-07:00,2022-09-26 03:37:11-07:00,18.5
Watch,count/min,2022-09-26 03:43:11-07:00,2022-09-26 03:43:11-07:00,17.5
Watch,count/min,2022-09-26 03:50:41-07:00,2022-09-26 03:50:41-07:00,18.0
Watch,count/min,2022-09-26 04:07:12-07:00,2022-09-26 04:07:12-07:00,18.0
Watch,count/min,2022-09-26 04:13:42-07:00,2022-09-26 04:13:42-07:00,17.5
Watch,count/min,2022-09-26 04:20:42-07:00,2022-09-26 04:20:42-07:00,19.5
Watch,count/min,2022-09-26 04:34:42-07:00,2022-09-26 04:34:42-07:00,16.5
Watch,count/min,2022-09-26 04:40:12-07:00,2022-09-26 04:40:12-07:00,17.0
Watch,count/min,2022-09-26 04:55:13-07:00,2022-09-26 04:55:13-07:00,19.5
Watch,count/min,2022-09-26 05:08:43-07:00,2022-09-26 05:08:43-07:00,19.5
Watch,count/min,2022-09-26 05:11:13-07:00,2022-09-26 05:11:13-07:00,20.0
Watch,count/min,2022-09-26 05:27:13-07:00,2022-09-26 05:27:13-07:00,20.0
Watch,count/min,2022-09-26 05:37:44-07:00,2022-09-26 05:37:44-07:00,20.0
Watch,count/min,2022-09-26 05:42:44-07:00,2022-09-26 05:42:44-07:00,19.0
Watch,count/min,2022-09-26 05:57:14-07:00,2022-09-26 05:57:14-07:00,17.0
Watch,count/min,2022-09-26 06:04:44-07:00,2022-09-26 06:04:44-07:00,19.5
Watch,count/min,2022-09-26 06:14:44-07:00,2022-09-26 06:14:44-07:00,20.5
Watch,count/min,2022-10-05 01:05:37-07:00,2022-10-05 01:05:37-07:00,24.5
Watch,count/min,2022-10-05 01:24:07-07:00,2022-10-05 01:24:07-07:00,25.0
Watch,count/min,2022-10-06 07:39:33-07:00,2022-10-06 07:39:33-07:00,35.0
Watch,count/min,2022-10-06 07:46:33-07:00,2022-10-06 07:46:33-07:00,35.0
Watch,count/min,2022-10-07 01:21:06-07:00,2022-10-07 01:21:06-07:00,22.5
Watch,count/min,2022-10-07 01:29:06-07:00,2022-10-07 01:29:06-07:00,20.5
Watch,count/min,2022-10-10 01:24:36-07:00,2022-10-10 01:24:36-07:00,22.0
Watch,count/min,2022-10-10 01:42:36-07:00,2022-10-10 01:42:36-07:00,24.0
Watch,count/min,2022-10-10 01:55:36-07:00,2022-10-10 01:55:36-07:00,21.5
Watch,count/min,2022-10-10 02:10:06-07:00,2022-10-10 02:10:06-07:00,22.0
Watch,count/min,2022-10-10 02:20:36-07:00,2022-10-10 02:20:36-07:00,20.0
Watch,count/min,2022-10-10 02:34:07-07:00,2022-10-10 02:34:07-07:00,22.0
Watch,count/min,2022-10-10 02:41:07-07:00,2022-10-10 02:41:07-07:00,18.0
Watch,count/min,2022-10-10 02:47:07-07:00,2022-10-10 02:47:07-07:00,20.5
Watch,count/min,2022-10-10 03:00:07-07:00,2022-10-10 03:00:07-07:00,20.5
Watch,count/min,2022-10-10 03:11:38-07:00,2022-10-10 03:11:38-07:00,21.5
Watch,count/min,2022-10-10 03:22:38-07:00,2022-10-10 03:22:38-07:00,21.0
Watch,count/min,2022-10-10 03:30:38-07:00,2022-10-10 03:30:38-07:00,21.0
Watch,count/min,2022-10-10 03:37:08-07:00,2022-10-10 03:37:08-07:00,20.0
Watch,count/min,2022-10-10 03:49:08-07:00,2022-10-10 03:49:08-07:00,21.0
Watch,count/min,2022-10-10 04:01:39-07:00,2022-10-10 04:01:39-07:00,19.0
Watch,count/min,2022-10-10 04:06:39-07:00,2022-10-10 04:06:39-07:00,20.5
Watch,count/min,2022-10-10 04:23:09-07:00,2022-10-10 04:23:09-07:00,18.0
Watch,count/min,2022-10-10 04:26:09-07:00,2022-10-10 04:26:09-07:00,18.5
Watch,count/min,2022-10-10 04:37:09-07:00,2022-10-10 04:37:09-07:00,19.0
Watch,count/min,2022-10-10 04:54:40-07:00,2022-10-10 04:54:40-07:00,19.0
Watch,count/min,2022-10-10 05:04:40-07:00,2022-10-10 05:04:40-07:00,19.0
Watch,count/min,2022-10-10 05:06:10-07:00,2022-10-10 05:06:10-07:00,17.5
Watch,count/min,2022-10-10 05:22:10-07:00,2022-10-10 05:22:10-07:00,15.5
Watch,count/min,2022-10-10 05:33:10-07:00,2022-10-10 05:33:10-07:00,16.0
Watch,count/min,2022-10-10 05:44:40-07:00,2022-10-10 05:44:40-07:00,18.5
Watch,count/min,2022-10-10 05:50:41-07:00,2022-10-10 05:50:41-07:00,18.0
Watch,count/min,2022-10-10 05:58:11-07:00,2022-10-10 05:58:11-07:00,17.0
Watch,count/min,2022-10-10 06:05:41-07:00,2022-10-10 06:05:41-07:00,18.0
Watch,count/min,2022-10-10 06:21:11-07:00,2022-10-10 06:21:11-07:00,17.0
Watch,count/min,2022-10-10 06:28:11-07:00,2022-10-10 06:28:11-07:00,16.5
Watch,count/min,2022-10-10 06:35:11-07:00,2022-10-10 06:35:11-07:00,16.0
Watch,count/min,2022-10-10 06:50:41-07:00,2022-10-10 06:50:41-07:00,17.0
Watch,count/min,2022-10-10 07:04:41-07:00,2022-10-10 07:04:41-07:00,17.0
Watch,count/min,2022-10-10 07:14:12-07:00,2022-10-10 07:14:12-07:00,16.5
Watch,count/min,2022-10-10 07:16:42-07:00,2022-10-10 07:16:42-07:00,17.5
Watch,count/min,2022-10-10 07:26:42-07:00,2022-10-10 07:26:42-07:00,20.0
Watch,count/min,2022-10-10 07:50:42-07:00,2022-10-10 07:50:42-07:00,17.0
Watch,count/min,2022-10-10 08:02:13-07:00,2022-10-10 08:02:13-07:00,18.0
Watch,count/min,2022-10-10 08:14:43-07:00,2022-10-10 08:14:43-07:00,16.5
Watch,count/min,2022-10-10 08:17:13-07:00,2022-10-10 08:17:13-07:00,17.5
Watch,count/min,2022-10-14 00:17:28-07:00,2022-10-14 00:17:28-07:00,20.0
Watch,count/min,2022-10-14 00:24:58-07:00,2022-10-14 00:24:58-07:00,19.5
Watch,count/min,2022-10-14 00:31:58-07:00,2022-10-14 00:31:58-07:00,18.5
Watch,count/min,2022-10-14 00:44:58-07:00,2022-10-14 00:44:58-07:00,18.5
Watch,count/min,2022-10-14 00:57:29-07:00,2022-10-14 00:57:29-07:00,18.0
Watch,count/min,2022-10-14 01:02:29-07:00,2022-10-14 01:02:29-07:00,17.5
Watch,count/min,2022-10-14 01:16:59-07:00,2022-10-14 01:16:59-07:00,17.5
Watch,count/min,2022-10-14 01:18:59-07:00,2022-10-14 01:18:59-07:00,17.5
Watch,count/min,2022-10-14 01:28:59-07:00,2022-10-14 01:28:59-07:00,18.5
Watch,count/min,2022-10-14 01:45:29-07:00,2022-10-14 01:45:29-07:00,18.0
Watch,count/min,2022-10-14 01:49:59-07:00,2022-10-14 01:49:59-07:00,17.5
Watch,count/min,2022-10-14 02:04:29-07:00,2022-10-14 02:04:29-07:00,16.0
Watch,count/min,2022-10-14 02:11:29-07:00,2022-10-14 02:11:29-07:00,17.0
Watch,count/min,2022-10-14 02:28:00-07:00,2022-10-14 02:28:00-07:00,17.0
Watch,count/min,2022-10-14 02:34:30-07:00,2022-10-14 02:34:30-07:00,18.0
Watch,count/min,2022-10-14 02:42:30-07:00,2022-10-14 02:42:30-07:00,16.0
Watch,count/min,2022-10-14 02:57:30-07:00,2022-10-14 02:57:30-07:00,17.0
Watch,count/min,2022-10-14 03:03:30-07:00,2022-10-14 03:03:30-07:00,17.0
Watch,count/min,2022-10-14 03:09:00-07:00,2022-10-14 03:09:00-07:00,17.5
Watch,count/min,2022-10-14 03:26:30-07:00,2022-10-14 03:26:30-07:00,16.5
Watch,count/min,2022-10-14 03:31:30-07:00,2022-10-14 03:31:30-07:00,16.5
Watch,count/min,2022-10-14 03:45:00-07:00,2022-10-14 03:45:00-07:00,17.5
Watch,count/min,2022-10-14 03:49:30-07:00,2022-10-14 03:49:30-07:00,18.0
Watch,count/min,2022-10-14 04:04:30-07:00,2022-10-14 04:04:30-07:00,15.5
Watch,count/min,2022-10-14 04:15:01-07:00,2022-10-14 04:15:01-07:00,16.5
Watch,count/min,2022-10-14 04:21:31-07:00,2022-10-14 04:21:31-07:00,17.0
Watch,count/min,2022-10-14 04:35:31-07:00,2022-10-14 04:35:31-07:00,19.0
Watch,count/min,2022-10-14 04:40:01-07:00,2022-10-14 04:40:01-07:00,19.0
Watch,count/min,2022-10-14 04:56:31-07:00,2022-10-14 04:56:31-07:00,17.5
Watch,count/min,2022-10-14 05:02:31-07:00,2022-10-14 05:02:31-07:00,17.0
Watch,count/min,2022-10-14 05:09:31-07:00,2022-10-14 05:09:31-07:00,17.0
Watch,count/min,2022-10-14 05:26:01-07:00,2022-10-14 05:26:01-07:00,17.5
Watch,count/min,2022-10-14 05:38:31-07:00,2022-10-14 05:38:31-07:00,16.0
Watch,count/min,2022-10-14 05:40:01-07:00,2022-10-14 05:40:01-07:00,15.5
Watch,count/min,2022-10-14 05:51:31-07:00,2022-10-14 05:51:31-07:00,16.5
Watch,count/min,2022-10-14 06:15:32-07:00,2022-10-14 06:15:32-07:00,18.5
Watch,count/min,2022-10-14 06:25:32-07:00,2022-10-14 06:25:32-07:00,17.0
Watch,count/min,2022-10-14 06:34:02-07:00,2022-10-14 06:34:02-07:00,17.5
Watch,count/min,2022-10-14 06:42:03-07:00,2022-10-14 06:42:03-07:00,18.0
Watch,count/min,2022-10-14 06:53:03-07:00,2022-10-14 06:53:03-07:00,16.5
Watch,count/min,2022-10-14 07:07:34-07:00,2022-10-14 07:07:34-07:00,19.5
Watch,count/min,2022-10-24 01:06:06-07:00,2022-10-24 01:06:06-07:00,19.5
Watch,count/min,2022-10-24 01:19:36-07:00,2022-10-24 01:19:36-07:00,19.5
Watch,count/min,2022-10-24 01:22:36-07:00,2022-10-24 01:22:36-07:00,20.5
Watch,count/min,2022-10-24 01:38:36-07:00,2022-10-24 01:38:36-07:00,20.0
Watch,count/min,2022-10-24 01:41:06-07:00,2022-10-24 01:41:06-07:00,20.0
Watch,count/min,2022-10-24 01:53:06-07:00,2022-10-24 01:53:06-07:00,21.0
Watch,count/min,2022-10-24 02:09:37-07:00,2022-10-24 02:09:37-07:00,19.0
Watch,count/min,2022-10-24 02:10:37-07:00,2022-10-24 02:10:37-07:00,19.0
Watch,count/min,2022-10-24 02:25:37-07:00,2022-10-24 02:25:37-07:00,18.0
Watch,count/min,2022-10-24 02:33:37-07:00,2022-10-24 02:33:37-07:00,17.0
Watch,count/min,2022-10-24 02:40:07-07:00,2022-10-24 02:40:07-07:00,18.5
Watch,count/min,2022-10-24 02:50:37-07:00,2022-10-24 02:50:37-07:00,17.0
Watch,count/min,2022-10-24 03:00:07-07:00,2022-10-24 03:00:07-07:00,20.5
Watch,count/min,2022-10-24 03:16:38-07:00,2022-10-24 03:16:38-07:00,18.5
Watch,count/min,2022-10-24 03:20:38-07:00,2022-10-24 03:20:38-07:00,18.5
Watch,count/min,2022-10-24 03:38:38-07:00,2022-10-24 03:38:38-07:00,19.0
Watch,count/min,2022-10-24 03:49:38-07:00,2022-10-24 03:49:38-07:00,19.0
Watch,count/min,2022-10-24 03:51:08-07:00,2022-10-24 03:51:08-07:00,20.5
Watch,count/min,2022-10-24 04:06:09-07:00,2022-10-24 04:06:09-07:00,19.0
Watch,count/min,2022-10-24 04:15:09-07:00,2022-10-24 04:15:09-07:00,18.0
Watch,count/min,2022-10-24 04:24:40-07:00,2022-10-24 04:24:40-07:00,20.0
Watch,count/min,2022-10-24 04:34:10-07:00,2022-10-24 04:34:10-07:00,17.5
Watch,count/min,2022-10-24 04:47:10-07:00,2022-10-24 04:47:10-07:00,17.5
Watch,count/min,2022-10-24 04:51:10-07:00,2022-10-24 04:51:10-07:00,17.5
Watch,count/min,2022-10-24 05:09:40-07:00,2022-10-24 05:09:40-07:00,18.0
Watch,count/min,2022-10-24 05:19:40-07:00,2022-10-24 05:19:40-07:00,18.0
Watch,count/min,2022-10-24 05:29:10-07:00,2022-10-24 05:29:10-07:00,19.0
Watch,count/min,2022-10-24 05:30:40-07:00,2022-10-24 05:30:40-07:00,19.0
Watch,count/min,2022-10-24 05:48:11-07:00,2022-10-24 05:48:11-07:00,18.5
Watch,count/min,2022-10-24 05:54:41-07:00,2022-10-24 05:54:41-07:00,20.0
Watch,count/min,2022-10-24 06:09:11-07:00,2022-10-24 06:09:11-07:00,20.5
Watch,count/min,2022-10-24 06:11:11-07:00,2022-10-24 06:11:11-07:00,21.0
Watch,count/min,2022-10-24 06:20:11-07:00,2022-10-24 06:20:11-07:00,20.5
Watch,count/min,2022-10-24 06:31:11-07:00,2022-10-24 06:31:11-07:00,19.5
Watch,count/min,2022-10-24 06:47:11-07:00,2022-10-24 06:47:11-07:00,19.0
Watch,count/min,2022-10-24 06:56:41-07:00,2022-10-24 06:56:41-07:00,20.0
Watch,count/min,2022-10-24 07:08:12-07:00,2022-10-24 07:08:12-07:00,16.5
Watch,count/min,2022-10-24 07:15:12-07:00,2022-10-24 07:15:12-07:00,18.0
Watch,count/min,2022-10-24 07:26:42-07:00,2022-10-24 07:26:42-07:00,19.0
Watch,count/min,2022-10-24 07:32:42-07:00,2022-10-24 07:32:42-07:00,19.5
Watch,count/min,2022-10-24 07:43:12-07:00,2022-10-24 07:43:12-07:00,17.5
Watch,count/min,2022-10-24 07:55:12-07:00,2022-10-24 07:55:12-07:00,17.5
Watch,count/min,2022-10-24 08:04:12-07:00,2022-10-24 08:04:12-07:00,19.0
Watch,count/min,2022-10-24 08:17:42-07:00,2022-10-24 08:17:42-07:00,19.0
Watch,count/min,2022-10-24 08:20:13-07:00,2022-10-24 08:20:13-07:00,19.5
Watch,count/min,2022-10-24 08:39:43-07:00,2022-10-24 08:39:43-07:00,20.0
Watch,count/min,2022-10-24 08:42:13-07:00,2022-10-24 08:42:13-07:00,18.0
Watch,count/min,2022-10-24 08:59:13-07:00,2022-10-24 08:59:13-07:00,17.0
Watch,count/min,2022-10-25 02:06:07-07:00,2022-10-25 02:06:07-07:00,23.5
Watch,count/min,2022-10-25 02:12:07-07:00,2022-10-25 02:12:07-07:00,21.5
Watch,count/min,2022-10-25 02:23:37-07:00,2022-10-25 02:23:37-07:00,23.5
Watch,count/min,2022-10-25 02:38:38-07:00,2022-10-25 02:38:38-07:00,24.5
Watch,count/min,2022-10-25 02:49:08-07:00,2022-10-25 02:49:08-07:00,22.5
Watch,count/min,2022-10-25 02:50:38-07:00,2022-10-25 02:50:38-07:00,20.5
Watch,count/min,2022-10-25 03:08:38-07:00,2022-10-25 03:08:38-07:00,22.5
Watch,count/min,2022-10-25 03:16:39-07:00,2022-10-25 03:16:39-07:00,20.0
Watch,count/min,2022-10-25 03:27:09-07:00,2022-10-25 03:27:09-07:00,17.0
Watch,count/min,2022-10-25 03:32:39-07:00,2022-10-25 03:32:39-07:00,16.5
Watch,count/min,2022-10-25 03:45:10-07:00,2022-10-25 03:45:10-07:00,17.5
Watch,count/min,2022-10-25 03:55:40-07:00,2022-10-25 03:55:40-07:00,18.5
Watch,count/min,2022-10-25 04:06:10-07:00,2022-10-25 04:06:10-07:00,17.0
Watch,count/min,2022-10-25 04:14:11-07:00,2022-10-25 04:14:11-07:00,17.0
Watch,count/min,2022-10-25 04:29:41-07:00,2022-10-25 04:29:41-07:00,17.5
Watch,count/min,2022-10-25 04:31:41-07:00,2022-10-25 04:31:41-07:00,17.5
Watch,count/min,2022-10-25 04:41:11-07:00,2022-10-25 04:41:11-07:00,17.5
Watch,count/min,2022-10-25 04:54:12-07:00,2022-10-25 04:54:12-07:00,18.5
Watch,count/min,2022-10-25 05:09:12-07:00,2022-10-25 05:09:12-07:00,19.0
Watch,count/min,2022-10-25 05:18:42-07:00,2022-10-25 05:18:42-07:00,16.5
Watch,count/min,2022-10-25 05:23:12-07:00,2022-10-25 05:23:12-07:00,17.0
Watch,count/min,2022-10-25 05:31:12-07:00,2022-10-25 05:31:12-07:00,16.0
Watch,count/min,2022-10-25 05:49:43-07:00,2022-10-25 05:49:43-07:00,16.0
Watch,count/min,2022-10-25 05:50:43-07:00,2022-10-25 05:50:43-07:00,17.0
Watch,count/min,2022-10-25 06:00:43-07:00,2022-10-25 06:00:43-07:00,19.5
Watch,count/min,2022-10-25 06:16:13-07:00,2022-10-25 06:16:13-07:00,17.0
Watch,count/min,2022-10-25 06:23:43-07:00,2022-10-25 06:23:43-07:00,18.0
Watch,count/min,2022-10-25 06:37:13-07:00,2022-10-25 06:37:13-07:00,17.5
Watch,count/min,2022-10-25 06:48:14-07:00,2022-10-25 06:48:14-07:00,18.0
Watch,count/min,2022-10-25 06:50:44-07:00,2022-10-25 06:50:44-07:00,17.5
Watch,count/min,2022-10-25 07:09:14-07:00,2022-10-25 07:09:14-07:00,17.0
Watch,count/min,2022-10-25 07:12:44-07:00,2022-10-25 07:12:44-07:00,17.5
Watch,count/min,2022-10-25 07:25:45-07:00,2022-10-25 07:25:45-07:00,18.0
Watch,count/min,2022-11-04 02:51:37-07:00,2022-11-04 02:51:37-07:00,24.5
Watch,count/min,2022-11-04 03:02:07-07:00,2022-11-04 03:02:07-07:00,23.0
Watch,count/min,2022-11-04 03:29:38-07:00,2022-11-04 03:29:38-07:00,25.5
Watch,count/min,2022-11-04 03:34:38-07:00,2022-11-04 03:34:38-07:00,23.5
Watch,count/min,2022-11-04 03:44:38-07:00,2022-11-04 03:44:38-07:00,19.5
Watch,count/min,2022-11-04 03:56:39-07:00,2022-11-04 03:56:39-07:00,18.5
Watch,count/min,2022-11-04 04:08:39-07:00,2022-11-04 04:08:39-07:00,17.0
Watch,count/min,2022-11-04 04:12:09-07:00,2022-11-04 04:12:09-07:00,17.0
Watch,count/min,2022-11-04 04:27:40-07:00,2022-11-04 04:27:40-07:00,17.0
Watch,count/min,2022-11-04 04:30:40-07:00,2022-11-04 04:30:40-07:00,17.5
Watch,count/min,2022-11-04 04:47:10-07:00,2022-11-04 04:47:10-07:00,17.0
Watch,count/min,2022-11-04 04:50:40-07:00,2022-11-04 04:50:40-07:00,19.0
Watch,count/min,2022-11-04 05:06:41-07:00,2022-11-04 05:06:41-07:00,17.5
Watch,count/min,2022-11-04 05:19:41-07:00,2022-11-04 05:19:41-07:00,22.5
Watch,count/min,2022-11-04 05:26:11-07:00,2022-11-04 05:26:11-07:00,24.0
Watch,count/min,2022-11-04 05:38:11-07:00,2022-11-04 05:38:11-07:00,16.5
Watch,count/min,2022-11-04 05:46:41-07:00,2022-11-04 05:46:41-07:00,18.0
Watch,count/min,2022-11-04 05:58:42-07:00,2022-11-04 05:58:42-07:00,19.0
Watch,count/min,2022-11-04 06:08:42-07:00,2022-11-04 06:08:42-07:00,19.5
Watch,count/min,2022-11-04 06:16:12-07:00,2022-11-04 06:16:12-07:00,21.0
Watch,count/min,2022-11-04 06:25:12-07:00,2022-11-04 06:25:12-07:00,19.5
Watch,count/min,2022-11-04 06:37:12-07:00,2022-11-04 06:37:12-07:00,18.5
Watch,count/min,2022-11-04 06:47:42-07:00,2022-11-04 06:47:42-07:00,17.0
Watch,count/min,2022-11-04 06:52:42-07:00,2022-11-04 06:52:42-07:00,17.0
Watch,count/min,2022-11-04 07:04:42-07:00,2022-11-04 07:04:42-07:00,19.0
Watch,count/min,2022-11-04 07:15:42-07:00,2022-11-04 07:15:42-07:00,19.0
Watch,count/min,2022-11-04 07:22:42-07:00,2022-11-04 07:22:42-07:00,19.5
Watch,count/min,2022-11-04 07:35:42-07:00,2022-11-04 07:35:42-07:00,17.5
Watch,count/min,2022-11-04 07:48:12-07:00,2022-11-04 07:48:12-07:00,17.5
Watch,count/min,2022-11-04 07:55:12-07:00,2022-11-04 07:55:12-07:00,18.0
Watch,count/min,2022-11-04 08:16:12-07:00,2022-11-04 08:16:12-07:00,19.5
Watch,count/min,2022-11-04 08:20:42-07:00,2022-11-04 08:20:42-07:00,20.0
Watch,count/min,2022-11-04 08:35:12-07:00,2022-11-04 08:35:12-07:00,17.5
Watch,count/min,2022-11-04 08:47:12-07:00,2022-11-04 08:47:12-07:00,19.0
Watch,count/min,2022-11-04 08:59:13-07:00,2022-11-04 08:59:13-07:00,19.0
Watch,count/min,2022-11-04 09:09:43-07:00,2022-11-04 09:09:43-07:00,18.5
Watch,count/min,2022-11-04 09:16:13-07:00,2022-11-04 09:16:13-07:00,19.0
Watch,count/min,2022-11-04 09:20:43-07:00,2022-11-04 09:20:43-07:00,19.0
Watch,count/min,2022-11-04 09:30:43-07:00,2022-11-04 09:30:43-07:00,19.5
Watch,count/min,2022-11-04 09:41:43-07:00,2022-11-04 09:41:43-07:00,21.5
Watch,count/min,2022-11-04 09:58:14-07:00,2022-11-04 09:58:14-07:00,19.5
Watch,count/min,2022-11-04 10:08:14-07:00,2022-11-04 10:08:14-07:00,19.0
Watch,count/min,2022-11-04 10:12:44-07:00,2022-11-04 10:12:44-07:00,19.5
Watch,count/min,2022-11-04 10:27:44-07:00,2022-11-04 10:27:44-07:00,17.5
Watch,count/min,2022-11-04 10:37:44-07:00,2022-11-04 10:37:44-07:00,19.0
Watch,count/min,2022-11-06 02:59:13-07:00,2022-11-06 02:59:13-07:00,18.5
Watch,count/min,2022-11-06 03:11:43-07:00,2022-11-06 03:11:43-07:00,17.5
Watch,count/min,2022-11-06 03:17:13-07:00,2022-11-06 03:17:13-07:00,17.0
Watch,count/min,2022-11-06 03:29:13-07:00,2022-11-06 03:29:13-07:00,17.5
Watch,count/min,2022-11-06 03:40:43-07:00,2022-11-06 03:40:43-07:00,17.0
Watch,count/min,2022-11-06 03:46:14-07:00,2022-11-06 03:46:14-07:00,17.5
Watch,count/min,2022-11-06 03:59:14-07:00,2022-11-06 03:59:14-07:00,17.5
Watch,count/min,2022-11-06 04:03:44-07:00,2022-11-06 04:03:44-07:00,18.0
Watch,count/min,2022-11-06 04:17:14-07:00,2022-11-06 04:17:14-07:00,18.5
Watch,count/min,2022-11-06 04:29:14-07:00,2022-11-06 04:29:14-07:00,17.5
Watch,count/min,2022-11-06 04:38:45-07:00,2022-11-06 04:38:45-07:00,18.0
Watch,count/min,2022-11-06 04:47:45-07:00,2022-11-06 04:47:45-07:00,16.5
Watch,count/min,2022-11-06 05:01:15-07:00,2022-11-06 05:01:15-07:00,17.0
Watch,count/min,2022-11-06 05:02:45-07:00,2022-11-06 05:02:45-07:00,18.0
Watch,count/min,2022-11-06 05:13:15-07:00,2022-11-06 05:13:15-07:00,17.0
Watch,count/min,2022-11-06 05:26:45-07:00,2022-11-06 05:26:45-07:00,17.0
Watch,count/min,2022-11-06 05:32:45-07:00,2022-11-06 05:32:45-07:00,17.0
Watch,count/min,2022-11-06 05:49:15-07:00,2022-11-06 05:49:15-07:00,16.0
Watch,count/min,2022-11-06 05:54:15-07:00,2022-11-06 05:54:15-07:00,17.0
Watch,count/min,2022-11-06 06:10:46-07:00,2022-11-06 06:10:46-07:00,17.5
Watch,count/min,2022-11-06 06:19:46-07:00,2022-11-06 06:19:46-07:00,17.0
Watch,count/min,2022-11-06 06:31:16-07:00,2022-11-06 06:31:16-07:00,16.5
Watch,count/min,2022-11-06 06:40:46-07:00,2022-11-06 06:40:46-07:00,16.5
Watch,count/min,2022-11-06 06:46:17-07:00,2022-11-06 06:46:17-07:00,17.0
Watch,count/min,2022-11-06 06:59:17-07:00,2022-11-06 06:59:17-07:00,19.5
Watch,count/min,2022-11-06 07:06:47-07:00,2022-11-06 07:06:47-07:00,17.5
Watch,count/min,2022-11-06 07:15:47-07:00,2022-11-06 07:15:47-07:00,16.0
Watch,count/min,2022-11-06 07:27:18-07:00,2022-11-06 07:27:18-07:00,16.5
Watch,count/min,2022-11-06 07:33:18-07:00,2022-11-06 07:33:18-07:00,16.5
Watch,count/min,2022-11-06 07:48:48-07:00,2022-11-06 07:48:48-07:00,16.5
Watch,count/min,2022-11-06 07:53:48-07:00,2022-11-06 07:53:48-07:00,17.5
Watch,count/min,2022-11-06 08:05:19-07:00,2022-11-06 08:05:19-07:00,16.5
Watch,count/min,2022-11-06 08:12:19-07:00,2022-11-06 08:12:19-07:00,22.0
Watch,count/min,2022-11-06 08:22:49-07:00,2022-11-06 08:22:49-07:00,24.0
Watch,count/min,2022-11-06 08:41:20-07:00,2022-11-06 08:41:20-07:00,16.5
Watch,count/min,2022-11-06 08:47:20-07:00,2022-11-06 08:47:20-07:00,18.0
Watch,count/min,2022-11-06 09:00:20-07:00,2022-11-06 09:00:20-07:00,17.0
Watch,count/min,2022-11-06 09:11:21-07:00,2022-11-06 09:11:21-07:00,17.0
Watch,count/min,2022-11-23 02:08:07-07:00,2022-11-23 02:08:07-07:00,19.0
Watch,count/min,2022-11-23 02:13:37-07:00,2022-11-23 02:13:37-07:00,20.0
Watch,count/min,2022-11-23 02:20:07-07:00,2022-11-23 02:20:07-07:00,18.5
Watch,count/min,2022-11-23 02:33:37-07:00,2022-11-23 02:33:37-07:00,19.0
Watch,count/min,2022-11-23 02:44:37-07:00,2022-11-23 02:44:37-07:00,19.5
Watch,count/min,2022-11-23 02:57:08-07:00,2022-11-23 02:57:08-07:00,20.5
Watch,count/min,2022-11-23 03:03:38-07:00,2022-11-23 03:03:38-07:00,20.5
Watch,count/min,2022-11-23 03:17:38-07:00,2022-11-23 03:17:38-07:00,19.0
Watch,count/min,2022-11-23 03:21:08-07:00,2022-11-23 03:21:08-07:00,19.0
Watch,count/min,2022-11-23 03:30:38-07:00,2022-11-23 03:30:38-07:00,21.5
Watch,count/min,2022-11-23 03:47:09-07:00,2022-11-23 03:47:09-07:00,18.5
Watch,count/min,2022-11-23 03:58:09-07:00,2022-11-23 03:58:09-07:00,20.0
Watch,count/min,2022-11-23 04:07:09-07:00,2022-11-23 04:07:09-07:00,19.5
Watch,count/min,2022-11-23 04:12:39-07:00,2022-11-23 04:12:39-07:00,23.5
Watch,count/min,2022-11-23 04:22:09-07:00,2022-11-23 04:22:09-07:00,20.0
Watch,count/min,2022-11-23 04:33:09-07:00,2022-11-23 04:33:09-07:00,19.0
Watch,count/min,2022-11-23 04:48:40-07:00,2022-11-23 04:48:40-07:00,17.0
Watch,count/min,2022-11-23 04:58:40-07:00,2022-11-23 04:58:40-07:00,18.0
Watch,count/min,2022-11-23 05:04:10-07:00,2022-11-23 05:04:10-07:00,19.5
Watch,count/min,2022-11-23 05:18:11-07:00,2022-11-23 05:18:11-07:00,19.0
Watch,count/min,2022-11-23 05:21:41-07:00,2022-11-23 05:21:41-07:00,19.0
Watch,count/min,2022-11-23 05:34:11-07:00,2022-11-23 05:34:11-07:00,19.0
Watch,count/min,2022-02-17 03:16:18-07:00,2022-02-17 03:16:18-07:00,23.0
Watch,count/min,2022-02-17 03:32:48-07:00,2022-02-17 03:32:48-07:00,21.0
Watch,count/min,2022-02-17 03:43:49-07:00,2022-02-17 03:43:49-07:00,21.5
Watch,count/min,2022-02-17 03:51:19-07:00,2022-02-17 03:51:19-07:00,20.5
Watch,count/min,2022-02-17 04:04:49-07:00,2022-02-17 04:04:49-07:00,23.0
Watch,count/min,2022-02-17 04:10:19-07:00,2022-02-17 04:10:19-07:00,19.0
Watch,count/min,2022-02-17 04:24:49-07:00,2022-02-17 04:24:49-07:00,18.0
Watch,count/min,2022-02-17 04:32:19-07:00,2022-02-17 04:32:19-07:00,17.0
Watch,count/min,2022-02-17 04:44:50-07:00,2022-02-17 04:44:50-07:00,17.5
Watch,count/min,2022-02-17 04:58:20-07:00,2022-02-17 04:58:20-07:00,16.5
Watch,count/min,2022-02-17 05:01:20-07:00,2022-02-17 05:01:20-07:00,17.0
Watch,count/min,2022-02-17 05:09:50-07:00,2022-02-17 05:09:50-07:00,17.5
Watch,count/min,2022-02-17 05:22:50-07:00,2022-02-17 05:22:50-07:00,18.0
Watch,count/min,2022-02-17 05:33:21-07:00,2022-02-17 05:33:21-07:00,17.5
Watch,count/min,2022-02-17 05:39:21-07:00,2022-02-17 05:39:21-07:00,18.5
Watch,count/min,2022-02-17 05:58:51-07:00,2022-02-17 05:58:51-07:00,16.5
Watch,count/min,2022-02-17 06:08:21-07:00,2022-02-17 06:08:21-07:00,16.5
Watch,count/min,2022-02-17 06:16:51-07:00,2022-02-17 06:16:51-07:00,17.0
Watch,count/min,2022-02-17 06:20:21-07:00,2022-02-17 06:20:21-07:00,17.0
Watch,count/min,2022-02-17 06:31:22-07:00,2022-02-17 06:31:22-07:00,16.5
Watch,count/min,2022-02-17 06:40:22-07:00,2022-02-17 06:40:22-07:00,17.5
Watch,count/min,2022-02-17 06:49:22-07:00,2022-02-17 06:49:22-07:00,18.0
Watch,count/min,2022-02-17 07:02:52-07:00,2022-02-17 07:02:52-07:00,19.0
Watch,count/min,2022-02-17 07:14:52-07:00,2022-02-17 07:14:52-07:00,17.0
Watch,count/min,2022-02-17 07:23:53-07:00,2022-02-17 07:23:53-07:00,18.0
Watch,count/min,2022-02-17 07:29:53-07:00,2022-02-17 07:29:53-07:00,18.5
Watch,count/min,2022-02-17 07:40:23-07:00,2022-02-17 07:40:23-07:00,18.5
Watch,count/min,2022-02-17 07:57:53-07:00,2022-02-17 07:57:53-07:00,17.5
Watch,count/min,2022-02-17 08:00:23-07:00,2022-02-17 08:00:23-07:00,19.0
Watch,count/min,2022-02-17 08:16:24-07:00,2022-02-17 08:16:24-07:00,17.0
Watch,count/min,2022-02-17 08:27:24-07:00,2022-02-17 08:27:24-07:00,16.0
Watch,count/min,2022-02-17 08:38:24-07:00,2022-02-17 08:38:24-07:00,17.5
Watch,count/min,2022-02-17 08:42:24-07:00,2022-02-17 08:42:24-07:00,18.0
Watch,count/min,2022-02-17 08:49:55-07:00,2022-02-17 08:49:55-07:00,17.5
Watch,count/min,2022-02-17 08:59:25-07:00,2022-02-17 08:59:25-07:00,17.0
Watch,count/min,2022-02-17 09:18:55-07:00,2022-02-17 09:18:55-07:00,18.0
Watch,count/min,2022-02-17 09:28:56-07:00,2022-02-17 09:28:56-07:00,18.0
Watch,count/min,2022-02-17 09:29:56-07:00,2022-02-17 09:29:56-07:00,18.0
Watch,count/min,2022-02-17 09:42:56-07:00,2022-02-17 09:42:56-07:00,16.0
Watch,count/min,2022-02-17 09:53:56-07:00,2022-02-17 09:53:56-07:00,17.0
Watch,count/min,2022-02-17 10:02:56-07:00,2022-02-17 10:02:56-07:00,18.0
Watch,count/min,2022-02-17 23:20:35-07:00,2022-02-17 23:20:35-07:00,24.5
Watch,count/min,2022-02-17 23:25:35-07:00,2022-02-17 23:25:35-07:00,26.0
Watch,count/min,2022-02-17 23:49:35-07:00,2022-02-17 23:49:35-07:00,24.0
Watch,count/min,2022-02-18 00:01:05-07:00,2022-02-18 00:01:05-07:00,21.5
Watch,count/min,2022-02-21 01:56:05-07:00,2022-02-21 01:56:05-07:00,23.0
Watch,count/min,2022-02-21 02:14:35-07:00,2022-02-21 02:14:35-07:00,24.0
Watch,count/min,2022-02-21 02:21:35-07:00,2022-02-21 02:21:35-07:00,23.5
Watch,count/min,2022-02-21 02:28:35-07:00,2022-02-21 02:28:35-07:00,25.0
Watch,count/min,2022-02-21 02:35:35-07:00,2022-02-21 02:35:35-07:00,23.5
Watch,count/min,2022-02-21 03:01:05-07:00,2022-02-21 03:01:05-07:00,23.5
Watch,count/min,2022-02-21 03:11:06-07:00,2022-02-21 03:11:06-07:00,23.5
Watch,count/min,2022-02-21 03:31:06-07:00,2022-02-21 03:31:06-07:00,26.0
Watch,count/min,2022-02-21 03:35:06-07:00,2022-02-21 03:35:06-07:00,25.5
Watch,count/min,2022-02-21 04:08:06-07:00,2022-02-21 04:08:06-07:00,24.5
Watch,count/min,2022-02-21 04:23:06-07:00,2022-02-21 04:23:06-07:00,21.5
Watch,count/min,2022-02-21 04:26:36-07:00,2022-02-21 04:26:36-07:00,19.0
Watch,count/min,2022-02-21 04:44:36-07:00,2022-02-21 04:44:36-07:00,16.5
Watch,count/min,2022-02-21 04:54:06-07:00,2022-02-21 04:54:06-07:00,18.0
Watch,count/min,2022-02-21 05:02:06-07:00,2022-02-21 05:02:06-07:00,18.0
Watch,count/min,2022-02-21 05:05:06-07:00,2022-02-21 05:05:06-07:00,18.0
Watch,count/min,2022-02-21 05:21:36-07:00,2022-02-21 05:21:36-07:00,18.0
Watch,count/min,2022-02-21 05:29:06-07:00,2022-02-21 05:29:06-07:00,19.0
Watch,count/min,2022-02-21 05:42:37-07:00,2022-02-21 05:42:37-07:00,17.5
Watch,count/min,2022-02-21 05:54:07-07:00,2022-02-21 05:54:07-07:00,17.5
Watch,count/min,2022-02-21 05:57:37-07:00,2022-02-21 05:57:37-07:00,19.5
Watch,count/min,2022-02-21 06:12:07-07:00,2022-02-21 06:12:07-07:00,19.0
Watch,count/min,2022-02-21 06:16:37-07:00,2022-02-21 06:16:37-07:00,20.0
Watch,count/min,2022-02-21 06:32:07-07:00,2022-02-21 06:32:07-07:00,20.5
Watch,count/min,2022-02-21 06:36:37-07:00,2022-02-21 06:36:37-07:00,19.5
Watch,count/min,2022-02-21 06:50:37-07:00,2022-02-21 06:50:37-07:00,20.5
Watch,count/min,2022-02-24 01:52:06-07:00,2022-02-24 01:52:06-07:00,24.5
Watch,count/min,2022-02-25 01:52:06-07:00,2022-02-25 01:52:06-07:00,20.5
Watch,count/min,2022-02-25 02:00:36-07:00,2022-02-25 02:00:36-07:00,20.0
Watch,count/min,2022-02-25 02:07:06-07:00,2022-02-25 02:07:06-07:00,18.5
Watch,count/min,2022-02-25 02:19:36-07:00,2022-02-25 02:19:36-07:00,19.0
Watch,count/min,2022-02-25 02:27:06-07:00,2022-02-25 02:27:06-07:00,18.5
Watch,count/min,2022-02-25 02:36:06-07:00,2022-02-25 02:36:06-07:00,19.0
Watch,count/min,2022-02-25 02:46:36-07:00,2022-02-25 02:46:36-07:00,20.0
Watch,count/min,2022-02-25 03:03:07-07:00,2022-02-25 03:03:07-07:00,18.5
Watch,count/min,2022-02-25 03:09:07-07:00,2022-02-25 03:09:07-07:00,18.5
Watch,count/min,2022-02-25 03:16:07-07:00,2022-02-25 03:16:07-07:00,18.0
Watch,count/min,2022-02-25 03:32:37-07:00,2022-02-25 03:32:37-07:00,18.5
Watch,count/min,2022-02-25 03:39:38-07:00,2022-02-25 03:39:38-07:00,18.0
Watch,count/min,2022-02-25 03:54:38-07:00,2022-02-25 03:54:38-07:00,18.0
Watch,count/min,2022-02-25 03:55:08-07:00,2022-02-25 03:55:08-07:00,17.5
Watch,count/min,2022-02-25 04:12:08-07:00,2022-02-25 04:12:08-07:00,17.5
Watch,count/min,2022-02-25 04:22:09-07:00,2022-02-25 04:22:09-07:00,19.5
Watch,count/min,2022-02-25 04:33:39-07:00,2022-02-25 04:33:39-07:00,19.0
Watch,count/min,2022-02-25 04:36:09-07:00,2022-02-25 04:36:09-07:00,18.5
Watch,count/min,2022-02-25 04:48:09-07:00,2022-02-25 04:48:09-07:00,17.5
Watch,count/min,2022-02-25 05:04:40-07:00,2022-02-25 05:04:40-07:00,19.5
Watch,count/min,2022-02-25 05:10:40-07:00,2022-02-25 05:10:40-07:00,19.0
Watch,count/min,2022-02-25 05:15:40-07:00,2022-02-25 05:15:40-07:00,19.0
Watch,count/min,2022-02-25 05:29:40-07:00,2022-02-25 05:29:40-07:00,19.5
Watch,count/min,2022-02-25 05:35:10-07:00,2022-02-25 05:35:10-07:00,20.0
Watch,count/min,2022-02-25 05:54:11-07:00,2022-02-25 05:54:11-07:00,20.5
Watch,count/min,2022-02-25 05:55:41-07:00,2022-02-25 05:55:41-07:00,20.0
Watch,count/min,2022-02-25 06:06:41-07:00,2022-02-25 06:06:41-07:00,20.0
Watch,count/min,2022-02-25 06:23:11-07:00,2022-02-25 06:23:11-07:00,21.5
Watch,count/min,2022-02-25 06:26:11-07:00,2022-02-25 06:26:11-07:00,19.5
Watch,count/min,2022-02-25 06:36:11-07:00,2022-02-25 06:36:11-07:00,19.0
Watch,count/min,2022-02-25 06:51:11-07:00,2022-02-25 06:51:11-07:00,19.0
Watch,count/min,2022-02-26 09:57:35-07:00,2022-02-26 09:57:35-07:00,29.5
Watch,count/min,2022-03-07 01:16:08-07:00,2022-03-07 01:16:08-07:00,33.5
Watch,count/min,2022-03-07 01:34:08-07:00,2022-03-07 01:34:08-07:00,20.0
Watch,count/min,2022-03-07 01:37:08-07:00,2022-03-07 01:37:08-07:00,20.5
Watch,count/min,2022-03-07 01:47:39-07:00,2022-03-07 01:47:39-07:00,18.0
Watch,count/min,2022-03-07 01:55:09-07:00,2022-03-07 01:55:09-07:00,19.5
Watch,count/min,2022-03-07 02:09:39-07:00,2022-03-07 02:09:39-07:00,20.5
Watch,count/min,2022-03-07 02:18:09-07:00,2022-03-07 02:18:09-07:00,20.0
Watch,count/min,2022-03-07 02:30:09-07:00,2022-03-07 02:30:09-07:00,20.5
Watch,count/min,2022-03-07 02:37:10-07:00,2022-03-07 02:37:10-07:00,19.5
Watch,count/min,2022-03-07 02:48:10-07:00,2022-03-07 02:48:10-07:00,18.0
Watch,count/min,2022-03-07 03:02:40-07:00,2022-03-07 03:02:40-07:00,19.0
Watch,count/min,2022-03-07 03:06:10-07:00,2022-03-07 03:06:10-07:00,20.0
Watch,count/min,2022-03-07 03:18:40-07:00,2022-03-07 03:18:40-07:00,19.5
Watch,count/min,2022-03-07 03:30:10-07:00,2022-03-07 03:30:10-07:00,20.0
Watch,count/min,2022-03-07 03:41:40-07:00,2022-03-07 03:41:40-07:00,19.0
Watch,count/min,2022-03-07 03:52:41-07:00,2022-03-07 03:52:41-07:00,21.5
Watch,count/min,2022-03-07 04:01:11-07:00,2022-03-07 04:01:11-07:00,19.0
Watch,count/min,2022-03-07 04:06:11-07:00,2022-03-07 04:06:11-07:00,19.5
Watch,count/min,2022-03-07 04:22:11-07:00,2022-03-07 04:22:11-07:00,19.0
Watch,count/min,2022-03-07 04:33:41-07:00,2022-03-07 04:33:41-07:00,17.5
Watch,count/min,2022-03-07 04:43:11-07:00,2022-03-07 04:43:11-07:00,19.5
Watch,count/min,2022-03-07 04:45:41-07:00,2022-03-07 04:45:41-07:00,19.0
Watch,count/min,2022-03-07 04:58:11-07:00,2022-03-07 04:58:11-07:00,18.0
Watch,count/min,2022-03-07 05:05:41-07:00,2022-03-07 05:05:41-07:00,18.5
Watch,count/min,2022-03-07 05:24:41-07:00,2022-03-07 05:24:41-07:00,19.0
Watch,count/min,2022-03-07 05:31:11-07:00,2022-03-07 05:31:11-07:00,18.5
Watch,count/min,2022-03-07 05:42:42-07:00,2022-03-07 05:42:42-07:00,22.0
Watch,count/min,2022-03-07 05:45:12-07:00,2022-03-07 05:45:12-07:00,20.5
Watch,count/min,2022-03-07 05:58:42-07:00,2022-03-07 05:58:42-07:00,21.5
Watch,count/min,2022-03-07 06:12:12-07:00,2022-03-07 06:12:12-07:00,21.0
Watch,count/min,2022-03-07 06:22:43-07:00,2022-03-07 06:22:43-07:00,20.0
Watch,count/min,2022-03-07 06:28:13-07:00,2022-03-07 06:28:13-07:00,20.5
Watch,count/min,2022-03-07 06:37:13-07:00,2022-03-07 06:37:13-07:00,19.5
Watch,count/min,2022-03-07 06:51:43-07:00,2022-03-07 06:51:43-07:00,21.5
Watch,count/min,2022-03-09 23:39:35-07:00,2022-03-09 23:39:35-07:00,11.5
Watch,count/min,2022-03-11 03:42:37-07:00,2022-03-11 03:42:37-07:00,21.5
Watch,count/min,2022-03-11 04:22:07-07:00,2022-03-11 04:22:07-07:00,27.5
Watch,count/min,2022-03-11 05:17:05-07:00,2022-03-11 05:17:05-07:00,23.0
Watch,count/min,2022-03-11 05:31:35-07:00,2022-03-11 05:31:35-07:00,17.5
Watch,count/min,2022-03-11 05:42:36-07:00,2022-03-11 05:42:36-07:00,18.0
Watch,count/min,2022-03-11 05:47:36-07:00,2022-03-11 05:47:36-07:00,18.5
Watch,count/min,2022-03-11 05:57:06-07:00,2022-03-11 05:57:06-07:00,18.5
Watch,count/min,2022-03-11 06:13:06-07:00,2022-03-11 06:13:06-07:00,19.0
Watch,count/min,2022-03-11 06:17:06-07:00,2022-03-11 06:17:06-07:00,18.5
Watch,count/min,2022-03-11 06:31:07-07:00,2022-03-11 06:31:07-07:00,18.5
Watch,count/min,2022-03-11 06:42:37-07:00,2022-03-11 06:42:37-07:00,19.5
Watch,count/min,2022-03-11 06:45:07-07:00,2022-03-11 06:45:07-07:00,19.5
Watch,count/min,2022-03-11 06:57:38-07:00,2022-03-11 06:57:38-07:00,18.5
Watch,count/min,2022-03-11 07:08:08-07:00,2022-03-11 07:08:08-07:00,19.0
Watch,count/min,2022-03-11 07:24:08-07:00,2022-03-11 07:24:08-07:00,18.5
Watch,count/min,2022-03-11 07:29:08-07:00,2022-03-11 07:29:08-07:00,19.0
Watch,count/min,2022-03-11 07:36:38-07:00,2022-03-11 07:36:38-07:00,19.0
Watch,count/min,2022-03-11 07:45:39-07:00,2022-03-11 07:45:39-07:00,15.0
Watch,count/min,2022-03-11 08:03:39-07:00,2022-03-11 08:03:39-07:00,18.0
Watch,count/min,2022-03-11 08:09:39-07:00,2022-03-11 08:09:39-07:00,18.0
Watch,count/min,2022-03-11 08:20:39-07:00,2022-03-11 08:20:39-07:00,19.5
Watch,count/min,2022-03-11 08:28:39-07:00,2022-03-11 08:28:39-07:00,19.0
Watch,count/min,2022-03-11 08:40:39-07:00,2022-03-11 08:40:39-07:00,18.5
Watch,count/min,2022-03-11 08:53:09-07:00,2022-03-11 08:53:09-07:00,18.0
Watch,count/min,2022-03-11 08:55:09-07:00,2022-03-11 08:55:09-07:00,18.5
Watch,count/min,2022-03-11 09:12:39-07:00,2022-03-11 09:12:39-07:00,19.0
Watch,count/min,2022-03-11 09:18:39-07:00,2022-03-11 09:18:39-07:00,17.5
Watch,count/min,2022-03-11 09:29:40-07:00,2022-03-11 09:29:40-07:00,18.5
Watch,count/min,2022-03-11 09:39:10-07:00,2022-03-11 09:39:10-07:00,18.0
Watch,count/min,2022-03-11 09:52:10-07:00,2022-03-11 09:52:10-07:00,20.5
Watch,count/min,2022-03-11 09:58:40-07:00,2022-03-11 09:58:40-07:00,19.0
Watch,count/min,2022-03-11 10:06:10-07:00,2022-03-11 10:06:10-07:00,19.0
Watch,count/min,2022-03-11 10:16:10-07:00,2022-03-11 10:16:10-07:00,19.0
Watch,count/min,2022-03-11 10:33:11-07:00,2022-03-11 10:33:11-07:00,18.0
Watch,count/min,2022-03-11 10:43:11-07:00,2022-03-11 10:43:11-07:00,17.5
Watch,count/min,2022-03-11 10:47:41-07:00,2022-03-11 10:47:41-07:00,19.0
Watch,count/min,2022-04-03 22:20:45-07:00,2022-04-03 22:20:45-07:00,23.5
Watch,count/min,2022-04-03 22:43:45-07:00,2022-04-03 22:43:45-07:00,24.5
Watch,count/min,2022-04-03 23:05:15-07:00,2022-04-03 23:05:15-07:00,22.0
Watch,count/min,2022-04-03 23:15:15-07:00,2022-04-03 23:15:15-07:00,22.5
Watch,count/min,2022-04-03 23:25:45-07:00,2022-04-03 23:25:45-07:00,24.0
Watch,count/min,2022-04-03 23:34:15-07:00,2022-04-03 23:34:15-07:00,24.0
Watch,count/min,2022-04-03 23:41:45-07:00,2022-04-03 23:41:45-07:00,22.0
Watch,count/min,2022-04-03 23:53:45-07:00,2022-04-03 23:53:45-07:00,22.5
Watch,count/min,2022-04-03 23:57:46-07:00,2022-04-03 23:57:46-07:00,21.5
Watch,count/min,2022-04-04 00:16:16-07:00,2022-04-04 00:16:16-07:00,19.5
Watch,count/min,2022-04-04 00:26:16-07:00,2022-04-04 00:26:16-07:00,19.0
Watch,count/min,2022-04-04 00:34:47-07:00,2022-04-04 00:34:47-07:00,20.5
Watch,count/min,2022-04-04 00:44:17-07:00,2022-04-04 00:44:17-07:00,19.5
Watch,count/min,2022-04-04 00:56:17-07:00,2022-04-04 00:56:17-07:00,20.0
Watch,count/min,2022-04-04 00:56:47-07:00,2022-04-04 00:56:47-07:00,19.5
Watch,count/min,2022-04-04 01:10:47-07:00,2022-04-04 01:10:47-07:00,17.5
Watch,count/min,2022-04-04 01:17:17-07:00,2022-04-04 01:17:17-07:00,19.5
Watch,count/min,2022-04-04 01:29:18-07:00,2022-04-04 01:29:18-07:00,22.0
Watch,count/min,2022-04-04 01:46:18-07:00,2022-04-04 01:46:18-07:00,19.0
Watch,count/min,2022-04-04 01:51:48-07:00,2022-04-04 01:51:48-07:00,19.0
Watch,count/min,2022-04-04 02:04:18-07:00,2022-04-04 02:04:18-07:00,19.0
Watch,count/min,2022-04-04 02:06:48-07:00,2022-04-04 02:06:48-07:00,18.0
Watch,count/min,2022-04-04 02:18:19-07:00,2022-04-04 02:18:19-07:00,20.5
Watch,count/min,2022-04-04 03:34:50-07:00,2022-04-04 03:34:50-07:00,20.0
Watch,count/min,2022-04-04 03:39:21-07:00,2022-04-04 03:39:21-07:00,20.5
Watch,count/min,2022-04-04 03:56:21-07:00,2022-04-04 03:56:21-07:00,16.0
Watch,count/min,2022-04-04 04:04:21-07:00,2022-04-04 04:04:21-07:00,17.0
Watch,count/min,2022-04-04 04:11:51-07:00,2022-04-04 04:11:51-07:00,18.5
Watch,count/min,2022-04-04 04:17:21-07:00,2022-04-04 04:17:21-07:00,19.0
Watch,count/min,2022-04-04 04:28:51-07:00,2022-04-04 04:28:51-07:00,19.5
Watch,count/min,2022-04-04 04:44:51-07:00,2022-04-04 04:44:51-07:00,19.0
Watch,count/min,2022-04-04 04:50:51-07:00,2022-04-04 04:50:51-07:00,19.0
Watch,count/min,2022-04-04 05:04:21-07:00,2022-04-04 05:04:21-07:00,18.5
Watch,count/min,2022-04-04 05:10:21-07:00,2022-04-04 05:10:21-07:00,18.5
Watch,count/min,2022-04-04 05:25:52-07:00,2022-04-04 05:25:52-07:00,16.5
Watch,count/min,2022-04-04 05:34:22-07:00,2022-04-04 05:34:22-07:00,18.5
Watch,count/min,2022-04-04 05:45:52-07:00,2022-04-04 05:45:52-07:00,19.0
Watch,count/min,2022-04-04 05:48:52-07:00,2022-04-04 05:48:52-07:00,18.5
Watch,count/min,2022-04-04 05:58:52-07:00,2022-04-04 05:58:52-07:00,17.5
Watch,count/min,2022-04-04 06:16:22-07:00,2022-04-04 06:16:22-07:00,18.5
Watch,count/min,2022-04-04 06:23:23-07:00,2022-04-04 06:23:23-07:00,18.0
Watch,count/min,2022-04-04 06:28:23-07:00,2022-04-04 06:28:23-07:00,18.0
Watch,count/min,2022-04-04 06:45:53-07:00,2022-04-04 06:45:53-07:00,18.5
Watch,count/min,2022-04-05 00:51:22-07:00,2022-04-05 00:51:22-07:00,21.5
Watch,count/min,2022-04-05 01:01:23-07:00,2022-04-05 01:01:23-07:00,20.5
Watch,count/min,2022-04-05 01:09:53-07:00,2022-04-05 01:09:53-07:00,20.0
Watch,count/min,2022-04-05 01:22:23-07:00,2022-04-05 01:22:23-07:00,17.5
Watch,count/min,2022-04-05 01:30:23-07:00,2022-04-05 01:30:23-07:00,17.0
Watch,count/min,2022-04-05 01:39:23-07:00,2022-04-05 01:39:23-07:00,17.5
Watch,count/min,2022-04-05 01:45:23-07:00,2022-04-05 01:45:23-07:00,18.5
Watch,count/min,2022-04-05 02:01:24-07:00,2022-04-05 02:01:24-07:00,18.5
Watch,count/min,2022-04-05 02:06:24-07:00,2022-04-05 02:06:24-07:00,18.0
Watch,count/min,2022-04-05 02:16:24-07:00,2022-04-05 02:16:24-07:00,18.0
Watch,count/min,2022-04-05 02:26:54-07:00,2022-04-05 02:26:54-07:00,18.0
Watch,count/min,2022-04-05 02:39:54-07:00,2022-04-05 02:39:54-07:00,19.0
Watch,count/min,2022-04-05 02:45:54-07:00,2022-04-05 02:45:54-07:00,19.0
Watch,count/min,2022-04-05 03:02:55-07:00,2022-04-05 03:02:55-07:00,18.5
Watch,count/min,2022-04-05 03:06:25-07:00,2022-04-05 03:06:25-07:00,18.5
Watch,count/min,2022-04-05 03:19:55-07:00,2022-04-05 03:19:55-07:00,18.5
Watch,count/min,2022-04-05 03:29:26-07:00,2022-04-05 03:29:26-07:00,18.0
Watch,count/min,2022-04-05 03:44:56-07:00,2022-04-05 03:44:56-07:00,19.0
Watch,count/min,2022-04-05 03:53:26-07:00,2022-04-05 03:53:26-07:00,19.0
Watch,count/min,2022-04-05 04:03:56-07:00,2022-04-05 04:03:56-07:00,19.5
Watch,count/min,2022-04-05 04:12:57-07:00,2022-04-05 04:12:57-07:00,17.5
Watch,count/min,2022-04-05 04:24:57-07:00,2022-04-05 04:24:57-07:00,19.0
Watch,count/min,2022-04-05 04:34:27-07:00,2022-04-05 04:34:27-07:00,18.5
Watch,count/min,2022-04-05 04:40:27-07:00,2022-04-05 04:40:27-07:00,19.0
Watch,count/min,2022-04-05 04:53:27-07:00,2022-04-05 04:53:27-07:00,20.0
Watch,count/min,2022-04-05 04:59:57-07:00,2022-04-05 04:59:57-07:00,18.0
Watch,count/min,2022-04-05 05:09:57-07:00,2022-04-05 05:09:57-07:00,19.0
Watch,count/min,2022-04-05 05:16:27-07:00,2022-04-05 05:16:27-07:00,18.5
Watch,count/min,2022-04-05 05:28:58-07:00,2022-04-05 05:28:58-07:00,18.5
Watch,count/min,2022-04-05 05:42:58-07:00,2022-04-05 05:42:58-07:00,18.0
Watch,count/min,2022-04-05 05:51:58-07:00,2022-04-05 05:51:58-07:00,18.5
Watch,count/min,2022-04-05 05:55:58-07:00,2022-04-05 05:55:58-07:00,18.0
Watch,count/min,2022-04-05 06:10:58-07:00,2022-04-05 06:10:58-07:00,15.5
Watch,count/min,2022-04-05 06:24:29-07:00,2022-04-05 06:24:29-07:00,18.5
Watch,count/min,2022-04-05 06:27:29-07:00,2022-04-05 06:27:29-07:00,18.5
Watch,count/min,2022-04-05 06:38:29-07:00,2022-04-05 06:38:29-07:00,19.5
Watch,count/min,2022-04-05 06:45:29-07:00,2022-04-05 06:45:29-07:00,19.5
Watch,count/min,2022-04-05 07:01:30-07:00,2022-04-05 07:01:30-07:00,18.5
Watch,count/min,2022-04-05 07:06:00-07:00,2022-04-05 07:06:00-07:00,20.5
Watch,count/min,2022-04-05 07:19:00-07:00,2022-04-05 07:19:00-07:00,19.0
Watch,count/min,2022-04-05 07:35:00-07:00,2022-04-05 07:35:00-07:00,18.0
Watch,count/min,2022-04-05 07:35:30-07:00,2022-04-05 07:35:30-07:00,18.5
Watch,count/min,2022-04-05 07:51:01-07:00,2022-04-05 07:51:01-07:00,19.0
Watch,count/min,2022-04-05 07:56:01-07:00,2022-04-05 07:56:01-07:00,18.5
Watch,count/min,2022-04-20 01:32:00-07:00,2022-04-20 01:32:00-07:00,22.5
Watch,count/min,2022-04-20 01:34:30-07:00,2022-04-20 01:34:30-07:00,22.5
Watch,count/min,2022-04-20 01:47:30-07:00,2022-04-20 01:47:30-07:00,24.5
Watch,count/min,2022-04-20 02:02:00-07:00,2022-04-20 02:02:00-07:00,24.0
Watch,count/min,2022-04-20 02:08:30-07:00,2022-04-20 02:08:30-07:00,24.0
Watch,count/min,2022-04-20 02:20:30-07:00,2022-04-20 02:20:30-07:00,24.0
Watch,count/min,2022-04-20 02:27:30-07:00,2022-04-20 02:27:30-07:00,23.5
Watch,count/min,2022-04-20 02:45:01-07:00,2022-04-20 02:45:01-07:00,12.5
Watch,count/min,2022-04-20 02:57:31-07:00,2022-04-20 02:57:31-07:00,22.5
Watch,count/min,2022-04-20 03:10:31-07:00,2022-04-20 03:10:31-07:00,21.5
Watch,count/min,2022-04-20 03:18:01-07:00,2022-04-20 03:18:01-07:00,21.0
