source_name,unit,start_date,end_date,value
Watch,count/min,2023-11-23 01:22:28 -0700,2023-11-23 01:22:28 -0700,26.5
Watch,count/min,2023-11-23 01:33:58 -0700,2023-11-23 01:33:58 -0700,21.5
Watch,count/min,2023-11-23 02:23:28 -0700,2023-11-23 02:23:28 -0700,21.5
Watch,count/min,2023-11-23 02:40:28 -0700,2023-11-23 02:40:28 -0700,20
Watch,count/min,2023-11-23 02:51:28 -0700,2023-11-23 02:51:28 -0700,23.5
Watch,count/min,2023-11-23 02:51:58 -0700,2023-11-23 02:51:58 -0700,23
Watch,count/min,2023-11-23 03:10:58 -0700,2023-11-23 03:10:58 -0700,18.5
Watch,count/min,2023-11-23 03:17:58 -0700,2023-11-23 03:17:58 -0700,18.5
Watch,count/min,2023-11-23 03:23:58 -0700,2023-11-23 03:23:58 -0700,18
Watch,count/min,2023-11-23 03:33:29 -0700,2023-11-23 03:33:29 -0700,17.5
Watch,count/min,2023-11-23 03:43:59 -0700,2023-11-23 03:43:59 -0700,17.5
Watch,count/min,2023-11-23 03:56:59 -0700,2023-11-23 03:56:59 -0700,17.5
Watch,count/min,2023-11-23 04:05:29 -0700,2023-11-23 04:05:29 -0700,17
Watch,count/min,2023-11-23 04:19:59 -0700,2023-11-23 04:19:59 -0700,16
Watch,count/min,2023-11-23 04:29:59 -0700,2023-11-23 04:29:59 -0700,17
Watch,count/min,2023-11-23 04:37:59 -0700,2023-11-23 04:37:59 -0700,16
Watch,count/min,2023-11-23 04:48:59 -0700,2023-11-23 04:48:59 -0700,20
Watch,count/min,2023-11-23 05:01:29 -0700,2023-11-23 05:01:29 -0700,17
Watch,count/min,2023-11-23 05:07:29 -0700,2023-11-23 05:07:29 -0700,16.5
Watch,count/min,2023-11-23 05:17:29 -0700,2023-11-23 05:17:29 -0700,16.5
Watch,count/min,2023-11-23 05:22:29 -0700,2023-11-23 05:22:29 -0700,16
Watch,count/min,2023-11-23 05:32:59 -0700,2023-11-23 05:32:59 -0700,17
Watch,count/min,2023-11-23 05:41:59 -0700,2023-11-23 05:41:59 -0700,17.5
Watch,count/min,2023-11-23 05:55:59 -0700,2023-11-23 05:55:59 -0700,17
Watch,count/min,2023-11-23 06:11:29 -0700,2023-11-23 06:11:29 -0700,16.5
Watch,count/min,2023-11-23 06:16:59 -0700,2023-11-23 06:16:59 -0700,17
Watch,count/min,2023-11-23 06:30:29 -0700,2023-11-23 06:30:29 -0700,17
Watch,count/min,2023-11-23 06:35:29 -0700,2023-11-23 06:35:29 -0700,22
Watch,count/min,2023-11-23 06:42:59 -0700,2023-11-23 06:42:59 -0700,16
Watch,count/min,2023-11-23 07:00:59 -0700,2023-11-23 07:00:59 -0700,16
Watch,count/min,2023-11-23 07:08:29 -0700,2023-11-23 07:08:29 -0700,17
Watch,count/min,2023-11-23 07:19:59 -0700,2023-11-23 07:19:59 -0700,17.5
Watch,count/min,2023-11-23 07:22:59 -0700,2023-11-23 07:22:59 -0700,16.5
Watch,count/min,2023-11-23 07:40:30 -0700,2023-11-23 07:40:30 -0700,17
Watch,count/min,2023-11-23 07:48:00 -0700,2023-11-23 07:48:00 -0700,15.5
Watch,count/min,2023-11-23 07:55:00 -0700,2023-11-23 07:55:00 -0700,17.5
Watch,count/min,2023-11-23 08:02:00 -0700,2023-11-23 08:02:00 -0700,16.5
Watch,count/min,2023-11-23 08:15:30 -0700,2023-11-23 08:15:30 -0700,17
Watch,count/min,2023-11-27 22:34:06 -0700,2023-11-27 22:34:06 -0700,24
Watch,count/min,2023-11-27 22:35:36 -0700,2023-11-27 22:35:36 -0700,25
Watch,count/min,2023-11-27 23:29:37 -0700,2023-11-27 23:29:37 -0700,22
Watch,count/min,2023-11-27 23:40:37 -0700,2023-11-27 23:40:37 -0700,24.5
Watch,count/min,2023-11-28 01:13:37 -0700,2023-11-28 01:13:37 -0700,25
Watch,count/min,2023-12-07 03:03:42 -0700,2023-12-07 03:03:42 -0700,22.5
Watch,count/min,2023-12-07 03:14:42 -0700,2023-12-07 03:14:42 -0700,21.5
Watch,count/min,2023-12-07 03:26:42 -0700,2023-12-07 03:26:42 -0700,20
Watch,count/min,2023-12-07 03:28:12 -0700,2023-12-07 03:28:12 -0700,20.5
Watch,count/min,2023-12-07 03:45:43 -0700,2023-12-07 03:45:43 -0700,18.5
Watch,count/min,2023-12-07 03:50:43 -0700,2023-12-07 03:50:43 -0700,18.5
Watch,count/min,2023-12-07 03:58:13 -0700,2023-12-07 03:58:13 -0700,17.5
Watch,count/min,2023-12-07 04:14:43 -0700,2023-12-07 04:14:43 -0700,18.5
Watch,count/min,2023-12-07 04:20:14 -0700,2023-12-07 04:20:14 -0700,19
Watch,count/min,2023-12-07 04:36:44 -0700,2023-12-07 04:36:44 -0700,17
Watch,count/min,2023-12-07 04:40:14 -0700,2023-12-07 04:40:14 -0700,18
Watch,count/min,2023-12-07 04:51:14 -0700,2023-12-07 04:51:14 -0700,17
Watch,count/min,2023-12-07 05:06:45 -0700,2023-12-07 05:06:45 -0700,18
Watch,count/min,2023-12-07 05:16:15 -0700,2023-12-07 05:16:15 -0700,18.5
Watch,count/min,2023-12-07 05:24:45 -0700,2023-12-07 05:24:45 -0700,18
Watch,count/min,2023-12-07 05:30:15 -0700,2023-12-07 05:30:15 -0700,17.5
Watch,count/min,2023-12-07 05:39:15 -0700,2023-12-07 05:39:15 -0700,19
Watch,count/min,2023-12-07 05:49:15 -0700,2023-12-07 05:49:15 -0700,17.5
Watch,count/min,2023-12-07 06:02:46 -0700,2023-12-07 06:02:46 -0700,19
Watch,count/min,2023-12-07 06:14:16 -0700,2023-12-07 06:14:16 -0700,18
Watch,count/min,2023-12-07 06:23:46 -0700,2023-12-07 06:23:46 -0700,19.5
Watch,count/min,2023-12-07 06:28:16 -0700,2023-12-07 06:28:16 -0700,18
Watch,count/min,2023-12-07 06:38:46 -0700,2023-12-07 06:38:46 -0700,17.5
Watch,count/min,2023-12-07 06:55:16 -0700,2023-12-07 06:55:16 -0700,17.5
Watch,count/min,2023-12-07 07:05:46 -0700,2023-12-07 07:05:46 -0700,17
Watch,count/min,2023-12-07 07:14:16 -0700,2023-12-07 07:14:16 -0700,17
Watch,count/min,2023-12-07 07:17:46 -0700,2023-12-07 07:17:46 -0700,18
Watch,count/min,2023-12-07 07:31:16 -0700,2023-12-07 07:31:16 -0700,18.5
Watch,count/min,2023-12-07 07:39:46 -0700,2023-12-07 07:39:46 -0700,16.5
Watch,count/min,2023-12-07 07:53:16 -0700,2023-12-07 07:53:16 -0700,20
Watch,count/min,2023-12-07 08:02:16 -0700,2023-12-07 08:02:16 -0700,19
Watch,count/min,2023-12-07 08:08:16 -0700,2023-12-07 08:08:16 -0700,16
Watch,count/min,2023-12-07 08:24:17 -0700,2023-12-07 08:24:17 -0700,17.5
Watch,count/min,2023-12-07 08:34:47 -0700,2023-12-07 08:34:47 -0700,18.5
Watch,count/min,2023-12-07 08:42:17 -0700,2023-12-07 08:42:17 -0700,18
Watch,count/min,2023-12-07 08:51:17 -0700,2023-12-07 08:51:17 -0700,18.5
Watch,count/min,2023-06-02 00:18:06 -0700,2023-06-02 00:18:06 -0700,20.5
Watch,count/min,2023-06-05 01:36:01 -0700,2023-06-05 01:36:01 -0700,20
Watch,count/min,2023-06-05 01:51:01 -0700,2023-06-05 01:51:01 -0700,16
Watch,count/min,2023-06-05 02:03:32 -0700,2023-06-05 02:03:32 -0700,16.5
Watch,count/min,2023-06-05 02:07:02 -0700,2023-06-05 02:07:02 -0700,17
Watch,count/min,2023-06-05 02:23:32 -0700,2023-06-05 02:23:32 -0700,16
Watch,count/min,2023-06-05 02:25:02 -0700,2023-06-05 02:25:02 -0700,15.5
Watch,count/min,2023-06-05 02:38:02 -0700,2023-06-05 02:38:02 -0700,15.5
Watch,count/min,2023-06-05 02:52:32 -0700,2023-06-05 02:52:32 -0700,17.5
Watch,count/min,2023-06-05 03:03:03 -0700,2023-06-05 03:03:03 -0700,18.5
Watch,count/min,2023-06-05 03:05:03 -0700,2023-06-05 03:05:03 -0700,17
Watch,count/min,2023-06-05 03:14:33 -0700,2023-06-05 03:14:33 -0700,18
Watch,count/min,2023-06-05 03:33:03 -0700,2023-06-05 03:33:03 -0700,13
Watch,count/min,2023-06-05 03:41:33 -0700,2023-06-05 03:41:33 -0700,13
Watch,count/min,2023-06-05 03:51:34 -0700,2023-06-05 03:51:34 -0700,16.5
Watch,count/min,2023-06-05 04:01:34 -0700,2023-06-05 04:01:34 -0700,15.5
Watch,count/min,2023-06-05 04:06:04 -0700,2023-06-05 04:06:04 -0700,16
Watch,count/min,2023-06-05 04:15:04 -0700,2023-06-05 04:15:04 -0700,16.5
Watch,count/min,2023-06-05 04:33:04 -0700,2023-06-05 04:33:04 -0700,16.5
Watch,count/min,2023-06-05 04:40:34 -0700,2023-06-05 04:40:34 -0700,17
Watch,count/min,2023-06-05 04:45:04 -0700,2023-06-05 04:45:04 -0700,17
Watch,count/min,2023-06-05 04:54:05 -0700,2023-06-05 04:54:05 -0700,16
Watch,count/min,2023-06-05 05:10:05 -0700,2023-06-05 05:10:05 -0700,15
Watch,count/min,2023-06-05 05:16:35 -0700,2023-06-05 05:16:35 -0700,17.5
Watch,count/min,2023-06-05 05:25:05 -0700,2023-06-05 05:25:05 -0700,18
Watch,count/min,2023-06-05 05:43:05 -0700,2023-06-05 05:43:05 -0700,17
Watch,count/min,2023-06-05 05:45:05 -0700,2023-06-05 05:45:05 -0700,17.5
Watch,count/min,2023-06-17 21:28:06 -0700,2023-06-17 21:28:06 -0700,27.5
Watch,count/min,2023-06-20 06:01:29 -0700,2023-06-20 06:01:29 -0700,34.5
Watch,count/min,2023-06-25 22:09:06 -0700,2023-06-25 22:09:06 -0700,24
Watch,count/min,2023-06-25 22:13:36 -0700,2023-06-25 22:13:36 -0700,22.5
Watch,count/min,2023-06-25 22:23:36 -0700,2023-06-25 22:23:36 -0700,24
Watch,count/min,2023-06-25 22:35:06 -0700,2023-06-25 22:35:06 -0700,25.5
Watch,count/min,2023-06-25 22:41:06 -0700,2023-06-25 22:41:06 -0700,26
Watch,count/min,2023-07-05 22:11:06 -0700,2023-07-05 22:11:06 -0700,19
Watch,count/min,2023-07-05 22:16:06 -0700,2023-07-05 22:16:06 -0700,17.5
Watch,count/min,2023-07-05 22:27:06 -0700,2023-07-05 22:27:06 -0700,18.5
Watch,count/min,2023-07-05 22:43:07 -0700,2023-07-05 22:43:07 -0700,17.5
Watch,count/min,2023-07-05 22:47:07 -0700,2023-07-05 22:47:07 -0700,18
Watch,count/min,2023-07-05 23:03:07 -0700,2023-07-05 23:03:07 -0700,18
Watch,count/min,2023-07-05 23:07:07 -0700,2023-07-05 23:07:07 -0700,19.5
Watch,count/min,2023-07-05 23:18:07 -0700,2023-07-05 23:18:07 -0700,19.5
Watch,count/min,2023-07-05 23:29:38 -0700,2023-07-05 23:29:38 -0700,19
Watch,count/min,2023-07-05 23:41:08 -0700,2023-07-05 23:41:08 -0700,18
Watch,count/min,2023-07-05 23:54:38 -0700,2023-07-05 23:54:38 -0700,18.5
Watch,count/min,2023-07-06 00:04:38 -0700,2023-07-06 00:04:38 -0700,19
Watch,count/min,2023-07-06 00:08:38 -0700,2023-07-06 00:08:38 -0700,21
Watch,count/min,2023-07-06 00:19:39 -0700,2023-07-06 00:19:39 -0700,21.5
Watch,count/min,2023-07-06 00:31:09 -0700,2023-07-06 00:31:09 -0700,22
Watch,count/min,2023-07-06 00:43:39 -0700,2023-07-06 00:43:39 -0700,22.5
Watch,count/min,2023-07-06 00:48:09 -0700,2023-07-06 00:48:09 -0700,22.5
Watch,count/min,2023-07-06 01:00:39 -0700,2023-07-06 01:00:39 -0700,18
Watch,count/min,2023-07-06 01:13:39 -0700,2023-07-06 01:13:39 -0700,19
Watch,count/min,2023-07-06 01:24:09 -0700,2023-07-06 01:24:09 -0700,18.5
Watch,count/min,2023-07-06 01:28:09 -0700,2023-07-06 01:28:09 -0700,18
Watch,count/min,2023-07-06 01:39:39 -0700,2023-07-06 01:39:39 -0700,19
Watch,count/min,2023-07-06 01:53:10 -0700,2023-07-06 01:53:10 -0700,19
Watch,count/min,2023-07-06 01:58:10 -0700,2023-07-06 01:58:10 -0700,19
Watch,count/min,2023-07-06 02:10:10 -0700,2023-07-06 02:10:10 -0700,18.5
Watch,count/min,2023-07-06 02:19:10 -0700,2023-07-06 02:19:10 -0700,19
Watch,count/min,2023-07-06 02:33:10 -0700,2023-07-06 02:33:10 -0700,17.5
Watch,count/min,2023-07-06 02:40:40 -0700,2023-07-06 02:40:40 -0700,17.5
Watch,count/min,2023-07-06 02:52:40 -0700,2023-07-06 02:52:40 -0700,17.5
Watch,count/min,2023-07-06 02:57:40 -0700,2023-07-06 02:57:40 -0700,17.5
Watch,count/min,2023-07-06 03:22:40 -0700,2023-07-06 03:22:40 -0700,17
Watch,count/min,2023-08-14 23:28:36 -0700,2023-08-14 23:28:36 -0700,24
Watch,count/min,2023-08-31 00:42:09 -0700,2023-08-31 00:42:09 -0700,22
Watch,count/min,2023-10-11 22:11:36 -0700,2023-10-11 22:11:36 -0700,24
Watch,count/min,2023-11-18 02:54:07 -0700,2023-11-18 02:54:07 -0700,17
Watch,count/min,2023-11-18 03:02:07 -0700,2023-11-18 03:02:07 -0700,16.5
Watch,count/min,2023-11-18 03:08:37 -0700,2023-11-18 03:08:37 -0700,16
Watch,count/min,2023-11-18 03:17:37 -0700,2023-11-18 03:17:37 -0700,16.5
Watch,count/min,2023-11-18 03:27:07 -0700,2023-11-18 03:27:07 -0700,17
Watch,count/min,2023-11-18 03:36:37 -0700,2023-11-18 03:36:37 -0700,17
Watch,count/min,2023-11-18 03:46:07 -0700,2023-11-18 03:46:07 -0700,16.5
Watch,count/min,2023-11-18 03:57:07 -0700,2023-11-18 03:57:07 -0700,17
Watch,count/min,2023-11-18 04:09:07 -0700,2023-11-18 04:09:07 -0700,17.5
Watch,count/min,2023-11-18 04:19:07 -0700,2023-11-18 04:19:07 -0700,17.5
Watch,count/min,2023-11-18 04:30:07 -0700,2023-11-18 04:30:07 -0700,17.5
Watch,count/min,2023-11-18 04:40:07 -0700,2023-11-18 04:40:07 -0700,18.5
Watch,count/min,2023-11-18 04:53:37 -0700,2023-11-18 04:53:37 -0700,17
Watch,count/min,2023-11-18 04:59:07 -0700,2023-11-18 04:59:07 -0700,17.5
Watch,count/min,2023-11-18 05:09:07 -0700,2023-11-18 05:09:07 -0700,18
Watch,count/min,2023-11-18 05:19:37 -0700,2023-11-18 05:19:37 -0700,19.5
Watch,count/min,2023-11-18 05:33:37 -0700,2023-11-18 05:33:37 -0700,17
Watch,count/min,2023-11-18 05:37:07 -0700,2023-11-18 05:37:07 -0700,18
Watch,count/min,2023-11-18 05:46:07 -0700,2023-11-18 05:46:07 -0700,17.5
Watch,count/min,2023-11-18 05:59:37 -0700,2023-11-18 05:59:37 -0700,17.5
Watch,count/min,2023-11-18 06:07:07 -0700,2023-11-18 06:07:07 -0700,17.5
Watch,count/min,2023-11-18 06:24:37 -0700,2023-11-18 06:24:37 -0700,16.5
Watch,count/min,2023-11-18 06:28:07 -0700,2023-11-18 06:28:07 -0700,17
Watch,count/min,2023-11-18 06:39:37 -0700,2023-11-18 06:39:37 -0700,18
Watch,count/min,2023-11-18 06:52:37 -0700,2023-11-18 06:52:37 -0700,16.5
Watch,count/min,2023-11-18 06:57:37 -0700,2023-11-18 06:57:37 -0700,18.5
Watch,count/min,2023-11-18 07:11:37 -0700,2023-11-18 07:11:37 -0700,19
Watch,count/min,2023-11-18 07:18:07 -0700,2023-11-18 07:18:07 -0700,18.5
Watch,count/min,2023-11-18 07:32:37 -0700,2023-11-18 07:32:37 -0700,17.5
Watch,count/min,2023-11-18 07:39:37 -0700,2023-11-18 07:39:37 -0700,16.5
Watch,count/min,2023-11-18 07:50:07 -0700,2023-11-18 07:50:07 -0700,16.5
Watch,count/min,2023-11-18 07:58:37 -0700,2023-11-18 07:58:37 -0700,17.5
Watch,count/min,2023-11-18 08:08:08 -0700,2023-11-18 08:08:08 -0700,16.5
Watch,count/min,2023-11-18 08:19:38 -0700,2023-11-18 08:19:38 -0700,18
Watch,count/min,2023-11-18 08:25:38 -0700,2023-11-18 08:25:38 -0700,21
Watch,count/min,2023-11-18 08:44:38 -0700,2023-11-18 08:44:38 -0700,16.5
Watch,count/min,2023-11-18 08:45:38 -0700,2023-11-18 08:45:38 -0700,16.5
Watch,count/min,2023-11-18 09:03:08 -0700,2023-11-18 09:03:08 -0700,16.5
Watch,count/min,2023-11-18 09:06:08 -0700,2023-11-18 09:06:08 -0700,16.5
Watch,count/min,2023-11-18 09:16:08 -0700,2023-11-18 09:16:08 -0700,18
Watch,count/min,2023-11-18 09:28:08 -0700,2023-11-18 09:28:08 -0700,16
Watch,count/min,2023-11-18 09:36:08 -0700,2023-11-18 09:36:08 -0700,17.5
Watch,count/min,2023-11-18 09:50:08 -0700,2023-11-18 09:50:08 -0700,22.5
Watch,count/min,2023-11-18 10:01:38 -0700,2023-11-18 10:01:38 -0700,17.5
Watch,count/min,2023-11-18 10:08:38 -0700,2023-11-18 10:08:38 -0700,16.5
Watch,count/min,2023-11-18 10:15:38 -0700,2023-11-18 10:15:38 -0700,18.5
Watch,count/min,2023-11-18 10:29:38 -0700,2023-11-18 10:29:38 -0700,17.5
Watch,count/min,2023-11-18 10:37:38 -0700,2023-11-18 10:37:38 -0700,17
Watch,count/min,2023-11-18 10:50:08 -0700,2023-11-18 10:50:08 -0700,15.5
Watch,count/min,2023-11-18 10:57:38 -0700,2023-11-18 10:57:38 -0700,16
Watch,count/min,2023-11-18 11:08:08 -0700,2023-11-18 11:08:08 -0700,17.5
Watch,count/min,2022-12-01 01:51:37 -0700,2022-12-01 01:51:37 -0700,26.5
Watch,count/min,2022-12-01 02:09:37 -0700,2022-12-01 02:09:37 -0700,26.5
Watch,count/min,2022-12-01 02:13:37 -0700,2022-12-01 02:13:37 -0700,28
Watch,count/min,2022-12-01 03:16:38 -0700,2022-12-01 03:16:38 -0700,24
Watch,count/min,2023-01-23 22:48:36 -0700,2023-01-23 22:48:36 -0700,33
Watch,count/min,2023-03-07 00:12:35 -0700,2023-03-07 00:12:35 -0700,25.5
Watch,count/min,2023-03-07 00:20:35 -0700,2023-03-07 00:20:35 -0700,24.5
Watch,count/min,2023-03-07 00:32:05 -0700,2023-03-07 00:32:05 -0700,23.5
Watch,count/min,2023-03-07 00:42:35 -0700,2023-03-07 00:42:35 -0700,22.5
Watch,count/min,2023-03-07 00:54:05 -0700,2023-03-07 00:54:05 -0700,22.5
Watch,count/min,2023-03-07 01:01:05 -0700,2023-03-07 01:01:05 -0700,22.5
Watch,count/min,2023-03-07 01:18:05 -0700,2023-03-07 01:18:05 -0700,23
Watch,count/min,2023-03-07 01:23:35 -0700,2023-03-07 01:23:35 -0700,22
Watch,count/min,2023-03-07 01:39:05 -0700,2023-03-07 01:39:05 -0700,17.5
Watch,count/min,2023-03-07 01:45:06 -0700,2023-03-07 01:45:06 -0700,17
Watch,count/min,2023-03-07 01:55:06 -0700,2023-03-07 01:55:06 -0700,17
Watch,count/min,2023-03-07 02:04:36 -0700,2023-03-07 02:04:36 -0700,17.5
Watch,count/min,2023-03-07 02:13:06 -0700,2023-03-07 02:13:06 -0700,17
Watch,count/min,2023-03-07 02:29:37 -0700,2023-03-07 02:29:37 -0700,16.5
Watch,count/min,2023-03-07 02:32:37 -0700,2023-03-07 02:32:37 -0700,18
Watch,count/min,2023-03-07 02:49:07 -0700,2023-03-07 02:49:07 -0700,17.5
Watch,count/min,2023-03-07 02:56:37 -0700,2023-03-07 02:56:37 -0700,18
Watch,count/min,2023-03-07 03:04:07 -0700,2023-03-07 03:04:07 -0700,16.5
Watch,count/min,2023-03-07 03:19:07 -0700,2023-03-07 03:19:07 -0700,17
Watch,count/min,2023-03-07 03:28:37 -0700,2023-03-07 03:28:37 -0700,17.5
Watch,count/min,2023-03-07 03:36:07 -0700,2023-03-07 03:36:07 -0700,18
Watch,count/min,2023-03-07 03:44:07 -0700,2023-03-07 03:44:07 -0700,17.5
Watch,count/min,2023-03-07 03:55:37 -0700,2023-03-07 03:55:37 -0700,18
Watch,count/min,2023-03-07 04:05:37 -0700,2023-03-07 04:05:37 -0700,17.5
Watch,count/min,2023-03-07 04:19:08 -0700,2023-03-07 04:19:08 -0700,18
Watch,count/min,2023-03-07 04:26:08 -0700,2023-03-07 04:26:08 -0700,17.5
Watch,count/min,2023-03-07 04:31:38 -0700,2023-03-07 04:31:38 -0700,17
Watch,count/min,2023-03-07 04:40:08 -0700,2023-03-07 04:40:08 -0700,17
Watch,count/min,2023-03-07 04:51:08 -0700,2023-03-07 04:51:08 -0700,17
Watch,count/min,2023-03-07 05:06:08 -0700,2023-03-07 05:06:08 -0700,17
Watch,count/min,2023-03-07 05:12:38 -0700,2023-03-07 05:12:38 -0700,17
Watch,count/min,2023-03-07 05:25:38 -0700,2023-03-07 05:25:38 -0700,16.5
Watch,count/min,2023-03-07 05:39:08 -0700,2023-03-07 05:39:08 -0700,16.5
Watch,count/min,2023-03-07 05:42:08 -0700,2023-03-07 05:42:08 -0700,17.5
Watch,count/min,2023-03-07 05:53:38 -0700,2023-03-07 05:53:38 -0700,17
Watch,count/min,2023-03-07 06:02:08 -0700,2023-03-07 06:02:08 -0700,16.5
Watch,count/min,2023-03-07 06:11:09 -0700,2023-03-07 06:11:09 -0700,16.5
Watch,count/min,2023-03-07 06:26:39 -0700,2023-03-07 06:26:39 -0700,18
Watch,count/min,2023-03-07 06:32:39 -0700,2023-03-07 06:32:39 -0700,16.5
Watch,count/min,2023-03-07 06:49:09 -0700,2023-03-07 06:49:09 -0700,17.5
Watch,count/min,2023-03-07 06:57:39 -0700,2023-03-07 06:57:39 -0700,17.5
Watch,count/min,2023-03-07 07:00:39 -0700,2023-03-07 07:00:39 -0700,17.5
Watch,count/min,2023-03-07 07:16:09 -0700,2023-03-07 07:16:09 -0700,16.5
Watch,count/min,2023-03-07 07:26:39 -0700,2023-03-07 07:26:39 -0700,17.5
Watch,count/min,2023-03-07 07:30:09 -0700,2023-03-07 07:30:09 -0700,16.5
Watch,count/min,2023-03-07 07:42:09 -0700,2023-03-07 07:42:09 -0700,18
Watch,count/min,2023-03-07 07:52:09 -0700,2023-03-07 07:52:09 -0700,17.5
Watch,count/min,2023-03-12 22:04:06 -0700,2023-03-12 22:04:06 -0700,27.5
Watch,count/min,2023-03-27 00:08:03 -0700,2023-03-27 00:08:03 -0700,23.5
Watch,count/min,2023-03-27 00:12:03 -0700,2023-03-27 00:12:03 -0700,22
Watch,count/min,2023-04-02 23:05:57 -0700,2023-04-02 23:05:57 -0700,22
Watch,count/min,2023-04-02 23:14:28 -0700,2023-04-02 23:14:28 -0700,15.5
Watch,count/min,2023-04-02 23:22:58 -0700,2023-04-02 23:22:58 -0700,22.5
Watch,count/min,2023-04-02 23:35:28 -0700,2023-04-02 23:35:28 -0700,18.5
Watch,count/min,2023-04-02 23:44:28 -0700,2023-04-02 23:44:28 -0700,19.5
Watch,count/min,2023-04-02 23:54:58 -0700,2023-04-02 23:54:58 -0700,13
Watch,count/min,2023-04-03 00:08:29 -0700,2023-04-03 00:08:29 -0700,20.5
Watch,count/min,2023-04-03 00:16:29 -0700,2023-04-03 00:16:29 -0700,20.5
Watch,count/min,2023-04-03 00:26:59 -0700,2023-04-03 00:26:59 -0700,20
Watch,count/min,2023-04-03 00:34:29 -0700,2023-04-03 00:34:29 -0700,19
Watch,count/min,2023-04-03 00:47:59 -0700,2023-04-03 00:47:59 -0700,18.5
Watch,count/min,2023-04-03 00:56:29 -0700,2023-04-03 00:56:29 -0700,19
Watch,count/min,2023-04-03 01:00:59 -0700,2023-04-03 01:00:59 -0700,19
Watch,count/min,2023-04-03 01:09:00 -0700,2023-04-03 01:09:00 -0700,20.5
Watch,count/min,2023-04-04 22:59:36 -0700,2023-04-04 22:59:36 -0700,25.5
Watch,count/min,2023-04-10 06:00:03 -0700,2023-04-10 06:00:03 -0700,22
Watch,count/min,2023-04-10 06:07:33 -0700,2023-04-10 06:07:33 -0700,23
Watch,count/min,2023-04-10 06:22:04 -0700,2023-04-10 06:22:04 -0700,21
Watch,count/min,2023-04-10 06:31:04 -0700,2023-04-10 06:31:04 -0700,22.5
Watch,count/min,2023-04-10 06:38:34 -0700,2023-04-10 06:38:34 -0700,19.5
Watch,count/min,2023-04-10 06:46:04 -0700,2023-04-10 06:46:04 -0700,18
Watch,count/min,2023-04-10 06:54:04 -0700,2023-04-10 06:54:04 -0700,17.5
Watch,count/min,2023-04-10 07:04:05 -0700,2023-04-10 07:04:05 -0700,17.5
Watch,count/min,2023-04-10 07:16:35 -0700,2023-04-10 07:16:35 -0700,16
Watch,count/min,2023-04-10 07:29:05 -0700,2023-04-10 07:29:05 -0700,18
Watch,count/min,2023-04-10 07:33:35 -0700,2023-04-10 07:33:35 -0700,20
Watch,count/min,2022-05-30 02:27:38 -0700,2022-05-30 02:27:38 -0700,34
Watch,count/min,2022-06-02 01:20:35 -0700,2022-06-02 01:20:35 -0700,23.5
Watch,count/min,2022-06-12 23:56:44 -0700,2022-06-12 23:56:44 -0700,27
Watch,count/min,2022-06-13 01:08:44 -0700,2022-06-13 01:08:44 -0700,28
Watch,count/min,2022-06-13 01:19:44 -0700,2022-06-13 01:19:44 -0700,25.5
Watch,count/min,2022-06-13 01:32:15 -0700,2022-06-13 01:32:15 -0700,22.5
Watch,count/min,2022-06-13 01:45:15 -0700,2022-06-13 01:45:15 -0700,22
Watch,count/min,2022-06-13 01:55:15 -0700,2022-06-13 01:55:15 -0700,22.5
Watch,count/min,2022-06-13 01:59:45 -0700,2022-06-13 01:59:45 -0700,22
Watch,count/min,2022-06-13 02:08:45 -0700,2022-06-13 02:08:45 -0700,22
Watch,count/min,2022-06-13 02:19:45 -0700,2022-06-13 02:19:45 -0700,21
Watch,count/min,2022-06-13 02:32:15 -0700,2022-06-13 02:32:15 -0700,19
Watch,count/min,2022-06-13 02:40:45 -0700,2022-06-13 02:40:45 -0700,18.5
Watch,count/min,2022-06-13 02:56:46 -0700,2022-06-13 02:56:46 -0700,19.5
Watch,count/min,2022-06-13 03:00:46 -0700,2022-06-13 03:00:46 -0700,20.5
Watch,count/min,2022-06-13 03:13:46 -0700,2022-06-13 03:13:46 -0700,20
Watch,count/min,2022-06-13 03:25:16 -0700,2022-06-13 03:25:16 -0700,21
Watch,count/min,2022-06-13 03:35:16 -0700,2022-06-13 03:35:16 -0700,21
Watch,count/min,2022-06-13 03:42:16 -0700,2022-06-13 03:42:16 -0700,18.5
Watch,count/min,2022-06-13 03:53:46 -0700,2022-06-13 03:53:46 -0700,18.5
Watch,count/min,2022-06-13 04:03:46 -0700,2022-06-13 04:03:46 -0700,19
Watch,count/min,2022-06-13 04:14:16 -0700,2022-06-13 04:14:16 -0700,18
Watch,count/min,2022-06-13 04:21:16 -0700,2022-06-13 04:21:16 -0700,17.5
Watch,count/min,2022-06-13 04:33:16 -0700,2022-06-13 04:33:16 -0700,18
Watch,count/min,2022-06-13 04:39:16 -0700,2022-06-13 04:39:16 -0700,18.5
Watch,count/min,2022-06-13 04:54:46 -0700,2022-06-13 04:54:46 -0700,19
Watch,count/min,2022-06-13 05:04:46 -0700,2022-06-13 05:04:46 -0700,17.5
Watch,count/min,2022-06-13 05:15:16 -0700,2022-06-13 05:15:16 -0700,16.5
Watch,count/min,2022-06-13 05:18:16 -0700,2022-06-13 05:18:16 -0700,17
Watch,count/min,2022-06-13 05:35:16 -0700,2022-06-13 05:35:16 -0700,18
Watch,count/min,2022-06-13 05:45:47 -0700,2022-06-13 05:45:47 -0700,17.5
Watch,count/min,2022-06-13 05:56:47 -0700,2022-06-13 05:56:47 -0700,17
Watch,count/min,2022-06-29 00:08:36 -0700,2022-06-29 00:08:36 -0700,15
Watch,count/min,2022-06-29 00:12:06 -0700,2022-06-29 00:12:06 -0700,14
Watch,count/min,2022-07-13 23:28:08 -0700,2022-07-13 23:28:08 -0700,27
Watch,count/min,2022-08-02 01:01:35 -0700,2022-08-02 01:01:35 -0700,22
Watch,count/min,2022-08-02 01:11:35 -0700,2022-08-02 01:11:35 -0700,18.5
Watch,count/min,2022-08-02 01:25:06 -0700,2022-08-02 01:25:06 -0700,17.5
Watch,count/min,2022-08-02 01:32:06 -0700,2022-08-02 01:32:06 -0700,17.5
Watch,count/min,2022-08-02 01:46:36 -0700,2022-08-02 01:46:36 -0700,18.5
Watch,count/min,2022-08-02 01:59:06 -0700,2022-08-02 01:59:06 -0700,18.5
Watch,count/min,2022-08-02 02:06:07 -0700,2022-08-02 02:06:07 -0700,18.5
Watch,count/min,2022-08-02 02:14:37 -0700,2022-08-02 02:14:37 -0700,18
Watch,count/min,2022-08-02 02:23:37 -0700,2022-08-02 02:23:37 -0700,17.5
Watch,count/min,2022-08-02 02:38:07 -0700,2022-08-02 02:38:07 -0700,16.5
Watch,count/min,2022-08-02 02:41:07 -0700,2022-08-02 02:41:07 -0700,16.5
Watch,count/min,2022-08-02 02:50:37 -0700,2022-08-02 02:50:37 -0700,16.5
Watch,count/min,2022-08-02 03:07:37 -0700,2022-08-02 03:07:37 -0700,18
Watch,count/min,2022-08-02 03:18:37 -0700,2022-08-02 03:18:37 -0700,17.5
Watch,count/min,2022-08-02 03:22:08 -0700,2022-08-02 03:22:08 -0700,18.5
Watch,count/min,2022-08-02 03:36:38 -0700,2022-08-02 03:36:38 -0700,17.5
Watch,count/min,2022-08-02 03:49:08 -0700,2022-08-02 03:49:08 -0700,17
Watch,count/min,2022-08-02 03:58:38 -0700,2022-08-02 03:58:38 -0700,16
Watch,count/min,2022-08-02 04:00:38 -0700,2022-08-02 04:00:38 -0700,16.5
Watch,count/min,2022-08-02 04:14:38 -0700,2022-08-02 04:14:38 -0700,17.5
Watch,count/min,2022-08-02 04:27:38 -0700,2022-08-02 04:27:38 -0700,16
Watch,count/min,2022-08-02 04:31:38 -0700,2022-08-02 04:31:38 -0700,17.5
Watch,count/min,2022-08-02 04:45:38 -0700,2022-08-02 04:45:38 -0700,17
Watch,count/min,2022-08-02 04:53:38 -0700,2022-08-02 04:53:38 -0700,17
Watch,count/min,2022-08-02 05:00:38 -0700,2022-08-02 05:00:38 -0700,16
Watch,count/min,2022-08-02 05:15:38 -0700,2022-08-02 05:15:38 -0700,16
Watch,count/min,2022-08-02 05:25:38 -0700,2022-08-02 05:25:38 -0700,15.5
Watch,count/min,2022-08-02 05:31:08 -0700,2022-08-02 05:31:08 -0700,18
Watch,count/min,2022-08-02 05:46:38 -0700,2022-08-02 05:46:38 -0700,14.5
Watch,count/min,2022-08-02 05:53:08 -0700,2022-08-02 05:53:08 -0700,17
Watch,count/min,2022-08-02 06:08:08 -0700,2022-08-02 06:08:08 -0700,17.5
Watch,count/min,2022-08-02 06:11:38 -0700,2022-08-02 06:11:38 -0700,17
Watch,count/min,2022-08-02 06:20:09 -0700,2022-08-02 06:20:09 -0700,18.5
Watch,count/min,2022-08-02 06:35:39 -0700,2022-08-02 06:35:39 -0700,16.5
Watch,count/min,2022-08-02 06:47:09 -0700,2022-08-02 06:47:09 -0700,17.5
Watch,count/min,2022-09-26 02:48:40 -0700,2022-09-26 02:48:40 -0700,22.5
Watch,count/min,2022-09-26 03:10:40 -0700,2022-09-26 03:10:40 -0700,21
Watch,count/min,2022-09-26 03:28:10 -0700,2022-09-26 03:28:10 -0700,17.5
Watch,count/min,2022-09-26 03:37:11 -0700,2022-09-26 03:37:11 -0700,18.5
Watch,count/min,2022-09-26 03:43:11 -0700,2022-09-26 03:43:11 -0700,17.5
Watch,count/min,2022-09-26 03:50:41 -0700,2022-09-26 03:50:41 -0700,18
Watch,count/min,2022-09-26 04:07:12 -0700,2022-09-26 04:07:12 -0700,18
Watch,count/min,2022-09-26 04:13:42 -0700,2022-09-26 04:13:42 -0700,17.5
Watch,count/min,2022-09-26 04:20:42 -0700,2022-09-26 04:20:42 -0700,19.5
Watch,count/min,2022-09-26 04:34:42 -0700,2022-09-26 04:34:42 -0700,16.5
Watch,count/min,2022-09-26 04:40:12 -0700,2022-09-26 04:40:12 -0700,17
Watch,count/min,2022-09-26 04:55:13 -0700,2022-09-26 04:55:13 -0700,19.5
Watch,count/min,2022-09-26 05:08:43 -0700,2022-09-26 05:08:43 -0700,19.5
Watch,count/min,2022-09-26 05:11:13 -0700,2022-09-26 05:11:13 -0700,20
Watch,count/min,2022-09-26 05:27:13 -0700,2022-09-26 05:27:13 -0700,20
Watch,count/min,2022-09-26 05:37:44 -0700,2022-09-26 05:37:44 -0700,20
Watch,count/min,2022-09-26 05:42:44 -0700,2022-09-26 05:42:44 -0700,19
Watch,count/min,2022-09-26 05:57:14 -0700,2022-09-26 05:57:14 -0700,17
Watch,count/min,2022-09-26 06:04:44 -0700,2022-09-26 06:04:44 -0700,19.5
Watch,count/min,2022-09-26 06:14:44 -0700,2022-09-26 06:14:44 -0700,20.5
Watch,count/min,2022-10-05 01:05:37 -0700,2022-10-05 01:05:37 -0700,24.5
Watch,count/min,2022-10-05 01:24:07 -0700,2022-10-05 01:24:07 -0700,25
Watch,count/min,2022-10-06 07:39:33 -0700,2022-10-06 07:39:33 -0700,35
Watch,count/min,2022-10-06 07:46:33 -0700,2022-10-06 07:46:33 -0700,35
Watch,count/min,2022-10-07 01:21:06 -0700,2022-10-07 01:21:06 -0700,22.5
Watch,count/min,2022-10-07 01:29:06 -0700,2022-10-07 01:29:06 -0700,20.5
Watch,count/min,2022-10-10 01:24:36 -0700,2022-10-10 01:24:36 -0700,22
Watch,count/min,2022-10-10 01:42:36 -0700,2022-10-10 01:42:36 -0700,24
Watch,count/min,2022-10-10 01:55:36 -0700,2022-10-10 01:55:36 -0700,21.5
Watch,count/min,2022-10-10 02:10:06 -0700,2022-10-10 02:10:06 -0700,22
Watch,count/min,2022-10-10 02:20:36 -0700,2022-10-10 02:20:36 -0700,20
Watch,count/min,2022-10-10 02:34:07 -0700,2022-10-10 02:34:07 -0700,22
Watch,count/min,2022-10-10 02:41:07 -0700,2022-10-10 02:41:07 -0700,18
Watch,count/min,2022-10-10 02:47:07 -0700,2022-10-10 02:47:07 -0700,20.5
Watch,count/min,2022-10-10 03:00:07 -0700,2022-10-10 03:00:07 -0700,20.5
Watch,count/min,2022-10-10 03:11:38 -0700,2022-10-10 03:11:38 -0700,21.5
Watch,count/min,2022-10-10 03:22:38 -0700,2022-10-10 03:22:38 -0700,21
Watch,count/min,2022-10-10 03:30:38 -0700,2022-10-10 03:30:38 -0700,21
Watch,count/min,2022-10-10 03:37:08 -0700,2022-10-10 03:37:08 -0700,20
Watch,count/min,2022-10-10 03:49:08 -0700,2022-10-10 03:49:08 -0700,21
Watch,count/min,2022-10-10 04:01:39 -0700,2022-10-10 04:01:39 -0700,19
Watch,count/min,2022-10-10 04:06:39 -0700,2022-10-10 04:06:39 -0700,20.5
Watch,count/min,2022-10-10 04:23:09 -0700,2022-10-10 04:23:09 -0700,18
Watch,count/min,2022-10-10 04:26:09 -0700,2022-10-10 04:26:09 -0700,18.5
Watch,count/min,2022-10-10 04:37:09 -0700,2022-10-10 04:37:09 -0700,19
Watch,count/min,2022-10-10 04:54:40 -0700,2022-10-10 04:54:40 -0700,19
Watch,count/min,2022-10-10 05:04:40 -0700,2022-10-10 05:04:40 -0700,19
Watch,count/min,2022-10-10 05:06:10 -0700,2022-10-10 05:06:10 -0700,17.5
Watch,count/min,2022-10-10 05:22:10 -0700,2022-10-10 05:22:10 -0700,15.5
Watch,count/min,2022-10-10 05:33:10 -0700,2022-10-10 05:33:10 -0700,16
Watch,count/min,2022-10-10 05:44:40 -0700,2022-10-10 05:44:40 -0700,18.5
Watch,count/min,2022-10-10 05:50:41 -0700,2022-10-10 05:50:41 -0700,18
Watch,count/min,2022-10-10 05:58:11 -0700,2022-10-10 05:58:11 -0700,17
Watch,count/min,2022-10-10 06:05:41 -0700,2022-10-10 06:05:41 -0700,18
Watch,count/min,2022-10-10 06:21:11 -0700,2022-10-10 06:21:11 -0700,17
Watch,count/min,2022-10-10 06:28:11 -0700,2022-10-10 06:28:11 -0700,16.5
Watch,count/min,2022-10-10 06:35:11 -0700,2022-10-10 06:35:11 -0700,16
Watch,count/min,2022-10-10 06:50:41 -0700,2022-10-10 06:50:41 -0700,17
Watch,count/min,2022-10-10 07:04:41 -0700,2022-10-10 07:04:41 -0700,17
Watch,count/min,2022-10-10 07:14:12 -0700,2022-10-10 07:14:12 -0700,16.5
Watch,count/min,2022-10-10 07:16:42 -0700,2022-10-10 07:16:42 -0700,17.5
Watch,count/min,2022-10-10 07:26:42 -0700,2022-10-10 07:26:42 -0700,20
Watch,count/min,2022-10-10 07:50:42 -0700,2022-10-10 07:50:42 -0700,17
Watch,count/min,2022-10-10 08:02:13 -0700,2022-10-10 08:02:13 -0700,18
Watch,count/min,2022-10-10 08:14:43 -0700,2022-10-10 08:14:43 -0700,16.5
Watch,count/min,2022-10-10 08:17:13 -0700,2022-10-10 08:17:13 -0700,17.5
Watch,count/min,2022-10-14 00:17:28 -0700,2022-10-14 00:17:28 -0700,20
Watch,count/min,2022-10-14 00:24:58 -0700,2022-10-14 00:24:58 -0700,19.5
Watch,count/min,2022-10-14 00:31:58 -0700,2022-10-14 00:31:58 -0700,18.5
Watch,count/min,2022-10-14 00:44:58 -0700,2022-10-14 00:44:58 -0700,18.5
Watch,count/min,2022-10-14 00:57:29 -0700,2022-10-14 00:57:29 -0700,18
Watch,count/min,2022-10-14 01:02:29 -0700,2022-10-14 01:02:29 -0700,17.5
Watch,count/min,2022-10-14 01:16:59 -0700,2022-10-14 01:16:59 -0700,17.5
Watch,count/min,2022-10-14 01:18:59 -0700,2022-10-14 01:18:59 -0700,17.5
Watch,count/min,2022-10-14 01:28:59 -0700,2022-10-14 01:28:59 -0700,18.5
Watch,count/min,2022-10-14 01:45:29 -0700,2022-10-14 01:45:29 -0700,18
Watch,count/min,2022-10-14 01:49:59 -0700,2022-10-14 01:49:59 -0700,17.5
Watch,count/min,2022-10-14 02:04:29 -0700,2022-10-14 02:04:29 -0700,16
Watch,count/min,2022-10-14 02:11:29 -0700,2022-10-14 02:11:29 -0700,17
Watch,count/min,2022-10-14 02:28:00 -0700,2022-10-14 02:28:00 -0700,17
Watch,count/min,2022-10-14 02:34:30 -0700,2022-10-14 02:34:30 -0700,18
Watch,count/min,2022-10-14 02:42:30 -0700,2022-10-14 02:42:30 -0700,16
Watch,count/min,2022-10-14 02:57:30 -0700,2022-10-14 02:57:30 -0700,17
Watch,count/min,2022-10-14 03:03:30 -0700,2022-10-14 03:03:30 -0700,17
Watch,count/min,2022-10-14 03:09:00 -0700,2022-10-14 03:09:00 -0700,17.5
Watch,count/min,2022-10-14 03:26:30 -0700,2022-10-14 03:26:30 -0700,16.5
Watch,count/min,2022-10-14 03:31:30 -0700,2022-10-14 03:31:30 -0700,16.5
Watch,count/min,2022-10-14 03:45:00 -0700,2022-10-14 03:45:00 -0700,17.5
Watch,count/min,2022-10-14 03:49:30 -0700,2022-10-14 03:49:30 -0700,18
Watch,count/min,2022-10-14 04:04:30 -0700,2022-10-14 04:04:30 -0700,15.5
Watch,count/min,2022-10-14 04:15:01 -0700,2022-10-14 04:15:01 -0700,16.5
Watch,count/min,2022-10-14 04:21:31 -0700,2022-10-14 04:21:31 -0700,17
Watch,count/min,2022-10-14 04:35:31 -0700,2022-10-14 04:35:31 -0700,19
Watch,count/min,2022-10-14 04:40:01 -0700,2022-10-14 04:40:01 -0700,19
Watch,count/min,2022-10-14 04:56:31 -0700,2022-10-14 04:56:31 -0700,17.5
Watch,count/min,2022-10-14 05:02:31 -0700,2022-10-14 05:02:31 -0700,17
Watch,count/min,2022-10-14 05:09:31 -0700,2022-10-14 05:09:31 -0700,17
Watch,count/min,2022-10-14 05:26:01 -0700,2022-10-14 05:26:01 -0700,17.5
Watch,count/min,2022-10-14 05:38:31 -0700,2022-10-14 05:38:31 -0700,16
Watch,count/min,2022-10-14 05:40:01 -0700,2022-10-14 05:40:01 -0700,15.5
Watch,count/min,2022-10-14 05:51:31 -0700,2022-10-14 05:51:31 -0700,16.5
Watch,count/min,2022-10-14 06:15:32 -0700,2022-10-14 06:15:32 -0700,18.5
Watch,count/min,2022-10-14 06:25:32 -0700,2022-10-14 06:25:32 -0700,17
Watch,count/min,2022-10-14 06:34:02 -0700,2022-10-14 06:34:02 -0700,17.5
Watch,count/min,2022-10-14 06:42:03 -0700,2022-10-14 06:42:03 -0700,18
Watch,count/min,2022-10-14 06:53:03 -0700,2022-10-14 06:53:03 -0700,16.5
Watch,count/min,2022-10-14 07:07:34 -0700,2022-10-14 07:07:34 -0700,19.5
Watch,count/min,2022-10-24 01:06:06 -0700,2022-10-24 01:06:06 -0700,19.5
Watch,count/min,2022-10-24 01:19:36 -0700,2022-10-24 01:19:36 -0700,19.5
Watch,count/min,2022-10-24 01:22:36 -0700,2022-10-24 01:22:36 -0700,20.5
Watch,count/min,2022-10-24 01:38:36 -0700,2022-10-24 01:38:36 -0700,20
Watch,count/min,2022-10-24 01:41:06 -0700,2022-10-24 01:41:06 -0700,20
Watch,count/min,2022-10-24 01:53:06 -0700,2022-10-24 01:53:06 -0700,21
Watch,count/min,2022-10-24 02:09:37 -0700,2022-10-24 02:09:37 -0700,19
Watch,count/min,2022-10-24 02:10:37 -0700,2022-10-24 02:10:37 -0700,19
Watch,count/min,2022-10-24 02:25:37 -0700,2022-10-24 02:25:37 -0700,18
Watch,count/min,2022-10-24 02:33:37 -0700,2022-10-24 02:33:37 -0700,17
Watch,count/min,2022-10-24 02:40:07 -0700,2022-10-24 02:40:07 -0700,18.5
Watch,count/min,2022-10-24 02:50:37 -0700,2022-10-24 02:50:37 -0700,17
Watch,count/min,2022-10-24 03:00:07 -0700,2022-10-24 03:00:07 -0700,20.5
Watch,count/min,2022-10-24 03:16:38 -0700,2022-10-24 03:16:38 -0700,18.5
Watch,count/min,2022-10-24 03:20:38 -0700,2022-10-24 03:20:38 -0700,18.5
Watch,count/min,2022-10-24 03:38:38 -0700,2022-10-24 03:38:38 -0700,19
Watch,count/min,2022-10-24 03:49:38 -0700,2022-10-24 03:49:38 -0700,19
Watch,count/min,2022-10-24 03:51:08 -0700,2022-10-24 03:51:08 -0700,20.5
Watch,count/min,2022-10-24 04:06:09 -0700,2022-10-24 04:06:09 -0700,19
Watch,count/min,2022-10-24 04:15:09 -0700,2022-10-24 04:15:09 -0700,18
Watch,count/min,2022-10-24 04:24:40 -0700,2022-10-24 04:24:40 -0700,20
Watch,count/min,2022-10-24 04:34:10 -0700,2022-10-24 04:34:10 -0700,17.5
Watch,count/min,2022-10-24 04:47:10 -0700,2022-10-24 04:47:10 -0700,17.5
Watch,count/min,2022-10-24 04:51:10 -0700,2022-10-24 04:51:10 -0700,17.5
Watch,count/min,2022-10-24 05:09:40 -0700,2022-10-24 05:09:40 -0700,18
Watch,count/min,2022-10-24 05:19:40 -0700,2022-10-24 05:19:40 -0700,18
Watch,count/min,2022-10-24 05:29:10 -0700,2022-10-24 05:29:10 -0700,19
Watch,count/min,2022-10-24 05:30:40 -0700,2022-10-24 05:30:40 -0700,19
Watch,count/min,2022-10-24 05:48:11 -0700,2022-10-24 05:48:11 -0700,18.5
Watch,count/min,2022-10-24 05:54:41 -0700,2022-10-24 05:54:41 -0700,20
Watch,count/min,2022-10-24 06:09:11 -0700,2022-10-24 06:09:11 -0700,20.5
Watch,count/min,2022-10-24 06:11:11 -0700,2022-10-24 06:11:11 -0700,21
Watch,count/min,2022-10-24 06:20:11 -0700,2022-10-24 06:20:11 -0700,20.5
Watch,count/min,2022-10-24 06:31:11 -0700,2022-10-24 06:31:11 -0700,19.5
Watch,count/min,2022-10-24 06:47:11 -0700,2022-10-24 06:47:11 -0700,19
Watch,count/min,2022-10-24 06:56:41 -0700,2022-10-24 06:56:41 -0700,20
Watch,count/min,2022-10-24 07:08:12 -0700,2022-10-24 07:08:12 -0700,16.5
Watch,count/min,2022-10-24 07:15:12 -0700,2022-10-24 07:15:12 -0700,18
Watch,count/min,2022-10-24 07:26:42 -0700,2022-10-24 07:26:42 -0700,19
Watch,count/min,2022-10-24 07:32:42 -0700,2022-10-24 07:32:42 -0700,19.5
Watch,count/min,2022-10-24 07:43:12 -0700,2022-10-24 07:43:12 -0700,17.5
Watch,count/min,2022-10-24 07:55:12 -0700,2022-10-24 07:55:12 -0700,17.5
Watch,count/min,2022-10-24 08:04:12 -0700,2022-10-24 08:04:12 -0700,19
Watch,count/min,2022-10-24 08:17:42 -0700,2022-10-24 08:17:42 -0700,19
Watch,count/min,2022-10-24 08:20:13 -0700,2022-10-24 08:20:13 -0700,19.5
Watch,count/min,2022-10-24 08:39:43 -0700,2022-10-24 08:39:43 -0700,20
Watch,count/min,2022-10-24 08:42:13 -0700,2022-10-24 08:42:13 -0700,18
Watch,count/min,2022-10-24 08:59:13 -0700,2022-10-24 08:59:13 -0700,17
Watch,count/min,2022-10-25 02:06:07 -0700,2022-10-25 02:06:07 -0700,23.5
Watch,count/min,2022-10-25 02:12:07 -0700,2022-10-25 02:12:07 -0700,21.5
Watch,count/min,2022-10-25 02:23:37 -0700,2022-10-25 02:23:37 -0700,23.5
Watch,count/min,2022-10-25 02:38:38 -0700,2022-10-25 02:38:38 -0700,24.5
Watch,count/min,2022-10-25 02:49:08 -0700,2022-10-25 02:49:08 -0700,22.5
Watch,count/min,2022-10-25 02:50:38 -0700,2022-10-25 02:50:38 -0700,20.5
Watch,count/min,2022-10-25 03:08:38 -0700,2022-10-25 03:08:38 -0700,22.5
Watch,count/min,2022-10-25 03:16:39 -0700,2022-10-25 03:16:39 -0700,20
Watch,count/min,2022-10-25 03:27:09 -0700,2022-10-25 03:27:09 -0700,17
Watch,count/min,2022-10-25 03:32:39 -0700,2022-10-25 03:32:39 -0700,16.5
Watch,count/min,2022-10-25 03:45:10 -0700,2022-10-25 03:45:10 -0700,17.5
Watch,count/min,2022-10-25 03:55:40 -0700,2022-10-25 03:55:40 -0700,18.5
Watch,count/min,2022-10-25 04:06:10 -0700,2022-10-25 04:06:10 -0700,17
Watch,count/min,2022-10-25 04:14:11 -0700,2022-10-25 04:14:11 -0700,17
Watch,count/min,2022-10-25 04:29:41 -0700,2022-10-25 04:29:41 -0700,17.5
Watch,count/min,2022-10-25 04:31:41 -0700,2022-10-25 04:31:41 -0700,17.5
Watch,count/min,2022-10-25 04:41:11 -0700,2022-10-25 04:41:11 -0700,17.5
Watch,count/min,2022-10-25 04:54:12 -0700,2022-10-25 04:54:12 -0700,18.5
Watch,count/min,2022-10-25 05:09:12 -0700,2022-10-25 05:09:12 -0700,19
Watch,count/min,2022-10-25 05:18:42 -0700,2022-10-25 05:18:42 -0700,16.5
Watch,count/min,2022-10-25 05:23:12 -0700,2022-10-25 05:23:12 -0700,17
Watch,count/min,2022-10-25 05:31:12 -0700,2022-10-25 05:31:12 -0700,16
Watch,count/min,2022-10-25 05:49:43 -0700,2022-10-25 05:49:43 -0700,16
Watch,count/min,2022-10-25 05:50:43 -0700,2022-10-25 05:50:43 -0700,17
Watch,count/min,2022-10-25 06:00:43 -0700,2022-10-25 06:00:43 -0700,19.5
Watch,count/min,2022-10-25 06:16:13 -0700,2022-10-25 06:16:13 -0700,17
Watch,count/min,2022-10-25 06:23:43 -0700,2022-10-25 06:23:43 -0700,18
Watch,count/min,2022-10-25 06:37:13 -0700,2022-10-25 06:37:13 -0700,17.5
Watch,count/min,2022-10-25 06:48:14 -0700,2022-10-25 06:48:14 -0700,18
Watch,count/min,2022-10-25 06:50:44 -0700,2022-10-25 06:50:44 -0700,17.5
Watch,count/min,2022-10-25 07:09:14 -0700,2022-10-25 07:09:14 -0700,17
Watch,count/min,2022-10-25 07:12:44 -0700,2022-10-25 07:12:44 -0700,17.5
Watch,count/min,2022-10-25 07:25:45 -0700,2022-10-25 07:25:45 -0700,18
Watch,count/min,2022-11-04 02:51:37 -0700,2022-11-04 02:51:37 -0700,24.5
Watch,count/min,2022-11-04 03:02:07 -0700,2022-11-04 03:02:07 -0700,23
Watch,count/min,2022-11-04 03:29:38 -0700,2022-11-04 03:29:38 -0700,25.5
Watch,count/min,2022-11-04 03:34:38 -0700,2022-11-04 03:34:38 -0700,23.5
Watch,count/min,2022-11-04 03:44:38 -0700,2022-11-04 03:44:38 -0700,19.5
Watch,count/min,2022-11-04 03:56:39 -0700,2022-11-04 03:56:39 -0700,18.5
Watch,count/min,2022-11-04 04:08:39 -0700,2022-11-04 04:08:39 -0700,17
Watch,count/min,2022-11-04 04:12:09 -0700,2022-11-04 04:12:09 -0700,17
Watch,count/min,2022-11-04 04:27:40 -0700,2022-11-04 04:27:40 -0700,17
Watch,count/min,2022-11-04 04:30:40 -0700,2022-11-04 04:30:40 -0700,17.5
Watch,count/min,2022-11-04 04:47:10 -0700,2022-11-04 04:47:10 -0700,17
Watch,count/min,2022-11-04 04:50:40 -0700,2022-11-04 04:50:40 -0700,19
Watch,count/min,2022-11-04 05:06:41 -0700,2022-11-04 05:06:41 -0700,17.5
Watch,count/min,2022-11-04 05:19:41 -0700,2022-11-04 05:19:41 -0700,22.5
Watch,count/min,2022-11-04 05:26:11 -0700,2022-11-04 05:26:11 -0700,24
Watch,count/min,2022-11-04 05:38:11 -0700,2022-11-04 05:38:11 -0700,16.5
Watch,count/min,2022-11-04 05:46:41 -0700,2022-11-04 05:46:41 -0700,18
Watch,count/min,2022-11-04 05:58:42 -0700,2022-11-04 05:58:42 -0700,19
Watch,count/min,2022-11-04 06:08:42 -0700,2022-11-04 06:08:42 -0700,19.5
Watch,count/min,2022-11-04 06:16:12 -0700,2022-11-04 06:16:12 -0700,21
Watch,count/min,2022-11-04 06:25:12 -0700,2022-11-04 06:25:12 -0700,19.5
Watch,count/min,2022-11-04 06:37:12 -0700,2022-11-04 06:37:12 -0700,18.5
Watch,count/min,2022-11-04 06:47:42 -0700,2022-11-04 06:47:42 -0700,17
Watch,count/min,2022-11-04 06:52:42 -0700,2022-11-04 06:52:42 -0700,17
Watch,count/min,2022-11-04 07:04:42 -0700,2022-11-04 07:04:42 -0700,19
Watch,count/min,2022-11-04 07:15:42 -0700,2022-11-04 07:15:42 -0700,19
Watch,count/min,2022-11-04 07:22:42 -0700,2022-11-04 07:22:42 -0700,19.5
Watch,count/min,2022-11-04 07:35:42 -0700,2022-11-04 07:35:42 -0700,17.5
Watch,count/min,2022-11-04 07:48:12 -0700,2022-11-04 07:48:12 -0700,17.5
Watch,count/min,2022-11-04 07:55:12 -0700,2022-11-04 07:55:12 -0700,18
Watch,count/min,2022-11-04 08:16:12 -0700,2022-11-04 08:16:12 -0700,19.5
Watch,count/min,2022-11-04 08:20:42 -0700,2022-11-04 08:20:42 -0700,20
Watch,count/min,2022-11-04 08:35:12 -0700,2022-11-04 08:35:12 -0700,17.5
Watch,count/min,2022-11-04 08:47:12 -0700,2022-11-04 08:47:12 -0700,19
Watch,count/min,2022-11-04 08:59:13 -0700,2022-11-04 08:59:13 -0700,19
Watch,count/min,2022-11-04 09:09:43 -0700,2022-11-04 09:09:43 -0700,18.5
Watch,count/min,2022-11-04 09:16:13 -0700,2022-11-04 09:16:13 -0700,19
Watch,count/min,2022-11-04 09:20:43 -0700,2022-11-04 09:20:43 -0700,19
Watch,count/min,2022-11-04 09:30:43 -0700,2022-11-04 09:30:43 -0700,19.5
Watch,count/min,2022-11-04 09:41:43 -0700,2022-11-04 09:41:43 -0700,21.5
Watch,count/min,2022-11-04 09:58:14 -0700,2022-11-04 09:58:14 -0700,19.5
Watch,count/min,2022-11-04 10:08:14 -0700,2022-11-04 10:08:14 -0700,19
Watch,count/min,2022-11-04 10:12:44 -0700,2022-11-04 10:12:44 -0700,19.5
Watch,count/min,2022-11-04 10:27:44 -0700,2022-11-04 10:27:44 -0700,17.5
Watch,count/min,2022-11-04 10:37:44 -0700,2022-11-04 10:37:44 -0700,19
Watch,count/min,2022-11-06 02:59:13 -0700,2022-11-06 02:59:13 -0700,18.5
Watch,count/min,2022-11-06 03:11:43 -0700,2022-11-06 03:11:43 -0700,17.5
Watch,count/min,2022-11-06 03:17:13 -0700,2022-11-06 03:17:13 -0700,17
Watch,count/min,2022-11-06 03:29:13 -0700,2022-11-06 03:29:13 -0700,17.5
Watch,count/min,2022-11-06 03:40:43 -0700,2022-11-06 03:40:43 -0700,17
Watch,count/min,2022-11-06 03:46:14 -0700,2022-11-06 03:46:14 -0700,17.5
Watch,count/min,2022-11-06 03:59:14 -0700,2022-11-06 03:59:14 -0700,17.5
Watch,count/min,2022-11-06 04:03:44 -0700,2022-11-06 04:03:44 -0700,18
Watch,count/min,2022-11-06 04:17:14 -0700,2022-11-06 04:17:14 -0700,18.5
Watch,count/min,2022-11-06 04:29:14 -0700,2022-11-06 04:29:14 -0700,17.5
Watch,count/min,2022-11-06 04:38:45 -0700,2022-11-06 04:38:45 -0700,18
Watch,count/min,2022-11-06 04:47:45 -0700,2022-11-06 04:47:45 -0700,16.5
Watch,count/min,2022-11-06 05:01:15 -0700,2022-11-06 05:01:15 -0700,17
Watch,count/min,2022-11-06 05:02:45 -0700,2022-11-06 05:02:45 -0700,18
Watch,count/min,2022-11-06 05:13:15 -0700,2022-11-06 05:13:15 -0700,17
Watch,count/min,2022-11-06 05:26:45 -0700,2022-11-06 05:26:45 -0700,17
Watch,count/min,2022-11-06 05:32:45 -0700,2022-11-06 05:32:45 -0700,17
Watch,count/min,2022-11-06 05:49:15 -0700,2022-11-06 05:49:15 -0700,16
Watch,count/min,2022-11-06 05:54:15 -0700,2022-11-06 05:54:15 -0700,17
Watch,count/min,2022-11-06 06:10:46 -0700,2022-11-06 06:10:46 -0700,17.5
Watch,count/min,2022-11-06 06:19:46 -0700,2022-11-06 06:19:46 -0700,17
Watch,count/min,2022-11-06 06:31:16 -0700,2022-11-06 06:31:16 -0700,16.5
Watch,count/min,2022-11-06 06:40:46 -0700,2022-11-06 06:40:46 -0700,16.5
Watch,count/min,2022-11-06 06:46:17 -0700,2022-11-06 06:46:17 -0700,17
Watch,count/min,2022-11-06 06:59:17 -0700,2022-11-06 06:59:17 -0700,19.5
Watch,count/min,2022-11-06 07:06:47 -0700,2022-11-06 07:06:47 -0700,17.5
Watch,count/min,2022-11-06 07:15:47 -0700,2022-11-06 07:15:47 -0700,16
Watch,count/min,2022-11-06 07:27:18 -0700,2022-11-06 07:27:18 -0700,16.5
Watch,count/min,2022-11-06 07:33:18 -0700,2022-11-06 07:33:18 -0700,16.5
Watch,count/min,2022-11-06 07:48:48 -0700,2022-11-06 07:48:48 -0700,16.5
Watch,count/min,2022-11-06 07:53:48 -0700,2022-11-06 07:53:48 -0700,17.5
Watch,count/min,2022-11-06 08:05:19 -0700,2022-11-06 08:05:19 -0700,16.5
Watch,count/min,2022-11-06 08:12:19 -0700,2022-11-06 08:12:19 -0700,22
Watch,count/min,2022-11-06 08:22:49 -0700,2022-11-06 08:22:49 -0700,24
Watch,count/min,2022-11-06 08:41:20 -0700,2022-11-06 08:41:20 -0700,16.5
Watch,count/min,2022-11-06 08:47:20 -0700,2022-11-06 08:47:20 -0700,18
Watch,count/min,2022-11-06 09:00:20 -0700,2022-11-06 09:00:20 -0700,17
Watch,count/min,2022-11-06 09:11:21 -0700,2022-11-06 09:11:21 -0700,17
Watch,count/min,2022-11-23 02:08:07 -0700,2022-11-23 02:08:07 -0700,19
Watch,count/min,2022-11-23 02:13:37 -0700,2022-11-23 02:13:37 -0700,20
Watch,count/min,2022-11-23 02:20:07 -0700,2022-11-23 02:20:07 -0700,18.5
Watch,count/min,2022-11-23 02:33:37 -0700,2022-11-23 02:33:37 -0700,19
Watch,count/min,2022-11-23 02:44:37 -0700,2022-11-23 02:44:37 -0700,19.5
Watch,count/min,2022-11-23 02:57:08 -0700,2022-11-23 02:57:08 -0700,20.5
Watch,count/min,2022-11-23 03:03:38 -0700,2022-11-23 03:03:38 -0700,20.5
Watch,count/min,2022-11-23 03:17:38 -0700,2022-11-23 03:17:38 -0700,19
Watch,count/min,2022-11-23 03:21:08 -0700,2022-11-23 03:21:08 -0700,19
Watch,count/min,2022-11-23 03:30:38 -0700,2022-11-23 03:30:38 -0700,21.5
Watch,count/min,2022-11-23 03:47:09 -0700,2022-11-23 03:47:09 -0700,18.5
Watch,count/min,2022-11-23 03:58:09 -0700,2022-11-23 03:58:09 -0700,20
Watch,count/min,2022-11-23 04:07:09 -0700,2022-11-23 04:07:09 -0700,19.5
Watch,count/min,2022-11-23 04:12:39 -0700,2022-11-23 04:12:39 -0700,23.5
Watch,count/min,2022-11-23 04:22:09 -0700,2022-11-23 04:22:09 -0700,20
Watch,count/min,2022-11-23 04:33:09 -0700,2022-11-23 04:33:09 -0700,19
Watch,count/min,2022-11-23 04:48:40 -0700,2022-11-23 04:48:40 -0700,17
Watch,count/min,2022-11-23 04:58:40 -0700,2022-11-23 04:58:40 -0700,18
Watch,count/min,2022-11-23 05:04:10 -0700,2022-11-23 05:04:10 -0700,19.5
Watch,count/min,2022-11-23 05:18:11 -0700,2022-11-23 05:18:11 -0700,19
Watch,count/min,2022-11-23 05:21:41 -0700,2022-11-23 05:21:41 -0700,19
Watch,count/min,2022-11-23 05:34:11 -0700,2022-11-23 05:34:11 -0700,19
Watch,count/min,2022-02-17 03:16:18 -0700,2022-02-17 03:16:18 -0700,23
Watch,count/min,2022-02-17 03:32:48 -0700,2022-02-17 03:32:48 -0700,21
Watch,count/min,2022-02-17 03:43:49 -0700,2022-02-17 03:43:49 -0700,21.5
Watch,count/min,2022-02-17 03:51:19 -0700,2022-02-17 03:51:19 -0700,20.5
Watch,count/min,2022-02-17 04:04:49 -0700,2022-02-17 04:04:49 -0700,23
Watch,count/min,2022-02-17 04:10:19 -0700,2022-02-17 04:10:19 -0700,19
Watch,count/min,2022-02-17 04:24:49 -0700,2022-02-17 04:24:49 -0700,18
Watch,count/min,2022-02-17 04:32:19 -0700,2022-02-17 04:32:19 -0700,17
Watch,count/min,2022-02-17 04:44:50 -0700,2022-02-17 04:44:50 -0700,17.5
Watch,count/min,2022-02-17 04:58:20 -0700,2022-02-17 04:58:20 -0700,16.5
Watch,count/min,2022-02-17 05:01:20 -0700,2022-02-17 05:01:20 -0700,17
Watch,count/min,2022-02-17 05:09:50 -0700,2022-02-17 05:09:50 -0700,17.5
Watch,count/min,2022-02-17 05:22:50 -0700,2022-02-17 05:22:50 -0700,18
Watch,count/min,2022-02-17 05:33:21 -0700,2022-02-17 05:33:21 -0700,17.5
Watch,count/min,2022-02-17 05:39:21 -0700,2022-02-17 05:39:21 -0700,18.5
Watch,count/min,2022-02-17 05:58:51 -0700,2022-02-17 05:58:51 -0700,16.5
Watch,count/min,2022-02-17 06:08:21 -0700,2022-02-17 06:08:21 -0700,16.5
Watch,count/min,2022-02-17 06:16:51 -0700,2022-02-17 06:16:51 -0700,17
Watch,count/min,2022-02-17 06:20:21 -0700,2022-02-17 06:20:21 -0700,17
Watch,count/min,2022-02-17 06:31:22 -0700,2022-02-17 06:31:22 -0700,16.5
Watch,count/min,2022-02-17 06:40:22 -0700,2022-02-17 06:40:22 -0700,17.5
Watch,count/min,2022-02-17 06:49:22 -0700,2022-02-17 06:49:22 -0700,18
Watch,count/min,2022-02-17 07:02:52 -0700,2022-02-17 07:02:52 -0700,19
Watch,count/min,2022-02-17 07:14:52 -0700,2022-02-17 07:14:52 -0700,17
Watch,count/min,2022-02-17 07:23:53 -0700,2022-02-17 07:23:53 -0700,18
Watch,count/min,2022-02-17 07:29:53 -0700,2022-02-17 07:29:53 -0700,18.5
Watch,count/min,2022-02-17 07:40:23 -0700,2022-02-17 07:40:23 -0700,18.5
Watch,count/min,2022-02-17 07:57:53 -0700,2022-02-17 07:57:53 -0700,17.5
Watch,count/min,2022-02-17 08:00:23 -0700,2022-02-17 08:00:23 -0700,19
Watch,count/min,2022-02-17 08:16:24 -0700,2022-02-17 08:16:24 -0700,17
Watch,count/min,2022-02-17 08:27:24 -0700,2022-02-17 08:27:24 -0700,16
Watch,count/min,2022-02-17 08:38:24 -0700,2022-02-17 08:38:24 -0700,17.5
Watch,count/min,2022-02-17 08:42:24 -0700,2022-02-17 08:42:24 -0700,18
Watch,count/min,2022-02-17 08:49:55 -0700,2022-02-17 08:49:55 -0700,17.5
Watch,count/min,2022-02-17 08:59:25 -0700,2022-02-17 08:59:25 -0700,17
Watch,count/min,2022-02-17 09:18:55 -0700,2022-02-17 09:18:55 -0700,18
Watch,count/min,2022-02-17 09:28:56 -0700,2022-02-17 09:28:56 -0700,18
Watch,count/min,2022-02-17 09:29:56 -0700,2022-02-17 09:29:56 -0700,18
Watch,count/min,2022-02-17 09:42:56 -0700,2022-02-17 09:42:56 -0700,16
Watch,count/min,2022-02-17 09:53:56 -0700,2022-02-17 09:53:56 -0700,17
Watch,count/min,2022-02-17 10:02:56 -0700,2022-02-17 10:02:56 -0700,18
Watch,count/min,2022-02-17 23:20:35 -0700,2022-02-17 23:20:35 -0700,24.5
Watch,count/min,2022-02-17 23:25:35 -0700,2022-02-17 23:25:35 -0700,26
Watch,count/min,2022-02-17 23:49:35 -0700,2022-02-17 23:49:35 -0700,24
Watch,count/min,2022-02-18 00:01:05 -0700,2022-02-18 00:01:05 -0700,21.5
Watch,count/min,2022-02-21 01:56:05 -0700,2022-02-21 01:56:05 -0700,23
Watch,count/min,2022-02-21 02:14:35 -0700,2022-02-21 02:14:35 -0700,24
Watch,count/min,2022-02-21 02:21:35 -0700,2022-02-21 02:21:35 -0700,23.5
Watch,count/min,2022-02-21 02:28:35 -0700,2022-02-21 02:28:35 -0700,25
Watch,count/min,2022-02-21 02:35:35 -0700,2022-02-21 02:35:35 -0700,23.5
Watch,count/min,2022-02-21 03:01:05 -0700,2022-02-21 03:01:05 -0700,23.5
Watch,count/min,2022-02-21 03:11:06 -0700,2022-02-21 03:11:06 -0700,23.5
Watch,count/min,2022-02-21 03:31:06 -0700,2022-02-21 03:31:06 -0700,26
Watch,count/min,2022-02-21 03:35:06 -0700,2022-02-21 03:35:06 -0700,25.5
Watch,count/min,2022-02-21 04:08:06 -0700,2022-02-21 04:08:06 -0700,24.5
Watch,count/min,2022-02-21 04:23:06 -0700,2022-02-21 04:23:06 -0700,21.5
Watch,count/min,2022-02-21 04:26:36 -0700,2022-02-21 04:26:36 -0700,19
Watch,count/min,2022-02-21 04:44:36 -0700,2022-02-21 04:44:36 -0700,16.5
Watch,count/min,2022-02-21 04:54:06 -0700,2022-02-21 04:54:06 -0700,18
Watch,count/min,2022-02-21 05:02:06 -0700,2022-02-21 05:02:06 -0700,18
Watch,count/min,2022-02-21 05:05:06 -0700,2022-02-21 05:05:06 -0700,18
Watch,count/min,2022-02-21 05:21:36 -0700,2022-02-21 05:21:36 -0700,18
Watch,count/min,2022-02-21 05:29:06 -0700,2022-02-21 05:29:06 -0700,19
Watch,count/min,2022-02-21 05:42:37 -0700,2022-02-21 05:42:37 -0700,17.5
Watch,count/min,2022-02-21 05:54:07 -0700,2022-02-21 05:54:07 -0700,17.5
Watch,count/min,2022-02-21 05:57:37 -0700,2022-02-21 05:57:37 -0700,19.5
Watch,count/min,2022-02-21 06:12:07 -0700,2022-02-21 06:12:07 -0700,19
Watch,count/min,2022-02-21 06:16:37 -0700,2022-02-21 06:16:37 -0700,20
Watch,count/min,2022-02-21 06:32:07 -0700,2022-02-21 06:32:07 -0700,20.5
Watch,count/min,2022-02-21 06:36:37 -0700,2022-02-21 06:36:37 -0700,19.5
Watch,count/min,2022-02-21 06:50:37 -0700,2022-02-21 06:50:37 -0700,20.5
Watch,count/min,2022-02-24 01:52:06 -0700,2022-02-24 01:52:06 -0700,24.5
Watch,count/min,2022-02-25 01:52:06 -0700,2022-02-25 01:52:06 -0700,20.5
Watch,count/min,2022-02-25 02:00:36 -0700,2022-02-25 02:00:36 -0700,20
Watch,count/min,2022-02-25 02:07:06 -0700,2022-02-25 02:07:06 -0700,18.5
Watch,count/min,2022-02-25 02:19:36 -0700,2022-02-25 02:19:36 -0700,19
Watch,count/min,2022-02-25 02:27:06 -0700,2022-02-25 02:27:06 -0700,18.5
Watch,count/min,2022-02-25 02:36:06 -0700,2022-02-25 02:36:06 -0700,19
Watch,count/min,2022-02-25 02:46:36 -0700,2022-02-25 02:46:36 -0700,20
Watch,count/min,2022-02-25 03:03:07 -0700,2022-02-25 03:03:07 -0700,18.5
Watch,count/min,2022-02-25 03:09:07 -0700,2022-02-25 03:09:07 -0700,18.5
Watch,count/min,2022-02-25 03:16:07 -0700,2022-02-25 03:16:07 -0700,18
Watch,count/min,2022-02-25 03:32:37 -0700,2022-02-25 03:32:37 -0700,18.5
Watch,count/min,2022-02-25 03:39:38 -0700,2022-02-25 03:39:38 -0700,18
Watch,count/min,2022-02-25 03:54:38 -0700,2022-02-25 03:54:38 -0700,18
Watch,count/min,2022-02-25 03:55:08 -0700,2022-02-25 03:55:08 -0700,17.5
Watch,count/min,2022-02-25 04:12:08 -0700,2022-02-25 04:12:08 -0700,17.5
Watch,count/min,2022-02-25 04:22:09 -0700,2022-02-25 04:22:09 -0700,19.5
Watch,count/min,2022-02-25 04:33:39 -0700,2022-02-25 04:33:39 -0700,19
Watch,count/min,2022-02-25 04:36:09 -0700,2022-02-25 04:36:09 -0700,18.5
Watch,count/min,2022-02-25 04:48:09 -0700,2022-02-25 04:48:09 -0700,17.5
Watch,count/min,2022-02-25 05:04:40 -0700,2022-02-25 05:04:40 -0700,19.5
Watch,count/min,2022-02-25 05:10:40 -0700,2022-02-25 05:10:40 -0700,19
Watch,count/min,2022-02-25 05:15:40 -0700,2022-02-25 05:15:40 -0700,19
Watch,count/min,2022-02-25 05:29:40 -0700,2022-02-25 05:29:40 -0700,19.5
Watch,count/min,2022-02-25 05:35:10 -0700,2022-02-25 05:35:10 -0700,20
Watch,count/min,2022-02-25 05:54:11 -0700,2022-02-25 05:54:11 -0700,20.5
Watch,count/min,2022-02-25 05:55:41 -0700,2022-02-25 05:55:41 -0700,20
Watch,count/min,2022-02-25 06:06:41 -0700,2022-02-25 06:06:41 -0700,20
Watch,count/min,2022-02-25 06:23:11 -0700,2022-02-25 06:23:11 -0700,21.5
Watch,count/min,2022-02-25 06:26:11 -0700,2022-02-25 06:26:11 -0700,19.5
Watch,count/min,2022-02-25 06:36:11 -0700,2022-02-25 06:36:11 -0700,19
Watch,count/min,2022-02-25 06:51:11 -0700,2022-02-25 06:51:11 -0700,19
Watch,count/min,2022-02-26 09:57:35 -0700,2022-02-26 09:57:35 -0700,29.5
Watch,count/min,2022-03-07 01:16:08 -0700,2022-03-07 01:16:08 -0700,33.5
Watch,count/min,2022-03-07 01:34:08 -0700,2022-03-07 01:34:08 -0700,20
Watch,count/min,2022-03-07 01:37:08 -0700,2022-03-07 01:37:08 -0700,20.5
Watch,count/min,2022-03-07 01:47:39 -0700,2022-03-07 01:47:39 -0700,18
Watch,count/min,2022-03-07 01:55:09 -0700,2022-03-07 01:55:09 -0700,19.5
Watch,count/min,2022-03-07 02:09:39 -0700,2022-03-07 02:09:39 -0700,20.5
Watch,count/min,2022-03-07 02:18:09 -0700,2022-03-07 02:18:09 -0700,20
Watch,count/min,2022-03-07 02:30:09 -0700,2022-03-07 02:30:09 -0700,20.5
Watch,count/min,2022-03-07 02:37:10 -0700,2022-03-07 02:37:10 -0700,19.5
Watch,count/min,2022-03-07 02:48:10 -0700,2022-03-07 02:48:10 -0700,18
Watch,count/min,2022-03-07 03:02:40 -0700,2022-03-07 03:02:40 -0700,19
Watch,count/min,2022-03-07 03:06:10 -0700,2022-03-07 03:06:10 -0700,20
Watch,count/min,2022-03-07 03:18:40 -0700,2022-03-07 03:18:40 -0700,19.5
Watch,count/min,2022-03-07 03:30:10 -0700,2022-03-07 03:30:10 -0700,20
Watch,count/min,2022-03-07 03:41:40 -0700,2022-03-07 03:41:40 -0700,19
Watch,count/min,2022-03-07 03:52:41 -0700,2022-03-07 03:52:41 -0700,21.5
Watch,count/min,2022-03-07 04:01:11 -0700,2022-03-07 04:01:11 -0700,19
Watch,count/min,2022-03-07 04:06:11 -0700,2022-03-07 04:06:11 -0700,19.5
Watch,count/min,2022-03-07 04:22:11 -0700,2022-03-07 04:22:11 -0700,19
Watch,count/min,2022-03-07 04:33:41 -0700,2022-03-07 04:33:41 -0700,17.5
Watch,count/min,2022-03-07 04:43:11 -0700,2022-03-07 04:43:11 -0700,19.5
Watch,count/min,2022-03-07 04:45:41 -0700,2022-03-07 04:45:41 -0700,19
Watch,count/min,2022-03-07 04:58:11 -0700,2022-03-07 04:58:11 -0700,18
Watch,count/min,2022-03-07 05:05:41 -0700,2022-03-07 05:05:41 -0700,18.5
Watch,count/min,2022-03-07 05:24:41 -0700,2022-03-07 05:24:41 -0700,19
Watch,count/min,2022-03-07 05:31:11 -0700,2022-03-07 05:31:11 -0700,18.5
Watch,count/min,2022-03-07 05:42:42 -0700,2022-03-07 05:42:42 -0700,22
Watch,count/min,2022-03-07 05:45:12 -0700,2022-03-07 05:45:12 -0700,20.5
Watch,count/min,2022-03-07 05:58:42 -0700,2022-03-07 05:58:42 -0700,21.5
Watch,count/min,2022-03-07 06:12:12 -0700,2022-03-07 06:12:12 -0700,21
Watch,count/min,2022-03-07 06:22:43 -0700,2022-03-07 06:22:43 -0700,20
Watch,count/min,2022-03-07 06:28:13 -0700,2022-03-07 06:28:13 -0700,20.5
Watch,count/min,2022-03-07 06:37:13 -0700,2022-03-07 06:37:13 -0700,19.5
Watch,count/min,2022-03-07 06:51:43 -0700,2022-03-07 06:51:43 -0700,21.5
Watch,count/min,2022-03-09 23:39:35 -0700,2022-03-09 23:39:35 -0700,11.5
Watch,count/min,2022-03-11 03:42:37 -0700,2022-03-11 03:42:37 -0700,21.5
Watch,count/min,2022-03-11 04:22:07 -0700,2022-03-11 04:22:07 -0700,27.5
Watch,count/min,2022-03-11 05:17:05 -0700,2022-03-11 05:17:05 -0700,23
Watch,count/min,2022-03-11 05:31:35 -0700,2022-03-11 05:31:35 -0700,17.5
Watch,count/min,2022-03-11 05:42:36 -0700,2022-03-11 05:42:36 -0700,18
Watch,count/min,2022-03-11 05:47:36 -0700,2022-03-11 05:47:36 -0700,18.5
Watch,count/min,2022-03-11 05:57:06 -0700,2022-03-11 05:57:06 -0700,18.5
Watch,count/min,2022-03-11 06:13:06 -0700,2022-03-11 06:13:06 -0700,19
Watch,count/min,2022-03-11 06:17:06 -0700,2022-03-11 06:17:06 -0700,18.5
Watch,count/min,2022-03-11 06:31:07 -0700,2022-03-11 06:31:07 -0700,18.5
Watch,count/min,2022-03-11 06:42:37 -0700,2022-03-11 06:42:37 -0700,19.5
Watch,count/min,2022-03-11 06:45:07 -0700,2022-03-11 06:45:07 -0700,19.5
Watch,count/min,2022-03-11 06:57:38 -0700,2022-03-11 06:57:38 -0700,18.5
Watch,count/min,2022-03-11 07:08:08 -0700,2022-03-11 07:08:08 -0700,19
Watch,count/min,2022-03-11 07:24:08 -0700,2022-03-11 07:24:08 -0700,18.5
Watch,count/min,2022-03-11 07:29:08 -0700,2022-03-11 07:29:08 -0700,19
Watch,count/min,2022-03-11 07:36:38 -0700,2022-03-11 07:36:38 -0700,19
Watch,count/min,2022-03-11 07:45:39 -0700,2022-03-11 07:45:39 -0700,15
Watch,count/min,2022-03-11 08:03:39 -0700,2022-03-11 08:03:39 -0700,18
Watch,count/min,2022-03-11 08:09:39 -0700,2022-03-11 08:09:39 -0700,18
Watch,count/min,2022-03-11 08:20:39 -0700,2022-03-11 08:20:39 -0700,19.5
Watch,count/min,2022-03-11 08:28:39 -0700,2022-03-11 08:28:39 -0700,19
Watch,count/min,2022-03-11 08:40:39 -0700,2022-03-11 08:40:39 -0700,18.5
Watch,count/min,2022-03-11 08:53:09 -0700,2022-03-11 08:53:09 -0700,18
Watch,count/min,2022-03-11 08:55:09 -0700,2022-03-11 08:55:09 -0700,18.5
Watch,count/min,2022-03-11 09:12:39 -0700,2022-03-11 09:12:39 -0700,19
Watch,count/min,2022-03-11 09:18:39 -0700,2022-03-11 09:18:39 -0700,17.5
Watch,count/min,2022-03-11 09:29:40 -0700,2022-03-11 09:29:40 -0700,18.5
Watch,count/min,2022-03-11 09:39:10 -0700,2022-03-11 09:39:10 -0700,18
Watch,count/min,2022-03-11 09:52:10 -0700,2022-03-11 09:52:10 -0700,20.5
Watch,count/min,2022-03-11 09:58:40 -0700,2022-03-11 09:58:40 -0700,19
Watch,count/min,2022-03-11 10:06:10 -0700,2022-03-11 10:06:10 -0700,19
Watch,count/min,2022-03-11 10:16:10 -0700,2022-03-11 10:16:10 -0700,19
Watch,count/min,2022-03-11 10:33:11 -0700,2022-03-11 10:33:11 -0700,18
Watch,count/min,2022-03-11 10:43:11 -0700,2022-03-11 10:43:11 -0700,17.5
Watch,count/min,2022-03-11 10:47:41 -0700,2022-03-11 10:47:41 -0700,19
Watch,count/min,2022-04-03 22:20:45 -0700,2022-04-03 22:20:45 -0700,23.5
Watch,count/min,2022-04-03 22:43:45 -0700,2022-04-03 22:43:45 -0700,24.5
Watch,count/min,2022-04-03 23:05:15 -0700,2022-04-03 23:05:15 -0700,22
Watch,count/min,2022-04-03 23:15:15 -0700,2022-04-03 23:15:15 -0700,22.5
Watch,count/min,2022-04-03 23:25:45 -0700,2022-04-03 23:25:45 -0700,24
Watch,count/min,2022-04-03 23:34:15 -0700,2022-04-03 23:34:15 -0700,24
Watch,count/min,2022-04-03 23:41:45 -0700,2022-04-03 23:41:45 -0700,22
Watch,count/min,2022-04-03 23:53:45 -0700,2022-04-03 23:53:45 -0700,22.5
Watch,count/min,2022-04-03 23:57:46 -0700,2022-04-03 23:57:46 -0700,21.5
Watch,count/min,2022-04-04 00:16:16 -0700,2022-04-04 00:16:16 -0700,19.5
Watch,count/min,2022-04-04 00:26:16 -0700,2022-04-04 00:26:16 -0700,19
Watch,count/min,2022-04-04 00:34:47 -0700,2022-04-04 00:34:47 -0700,20.5
Watch,count/min,2022-04-04 00:44:17 -0700,2022-04-04 00:44:17 -0700,19.5
Watch,count/min,2022-04-04 00:56:17 -0700,2022-04-04 00:56:17 -0700,20
Watch,count/min,2022-04-04 00:56:47 -0700,2022-04-04 00:56:47 -0700,19.5
Watch,count/min,2022-04-04 01:10:47 -0700,2022-04-04 01:10:47 -0700,17.5
Watch,count/min,2022-04-04 01:17:17 -0700,2022-04-04 01:17:17 -0700,19.5
Watch,count/min,2022-04-04 01:29:18 -0700,2022-04-04 01:29:18 -0700,22
Watch,count/min,2022-04-04 01:46:18 -0700,2022-04-04 01:46:18 -0700,19
Watch,count/min,2022-04-04 01:51:48 -0700,2022-04-04 01:51:48 -0700,19
Watch,count/min,2022-04-04 02:04:18 -0700,2022-04-04 02:04:18 -0700,19
Watch,count/min,2022-04-04 02:06:48 -0700,2022-04-04 02:06:48 -0700,18
Watch,count/min,2022-04-04 02:18:19 -0700,2022-04-04 02:18:19 -0700,20.5
Watch,count/min,2022-04-04 03:34:50 -0700,2022-04-04 03:34:50 -0700,20
Watch,count/min,2022-04-04 03:39:21 -0700,2022-04-04 03:39:21 -0700,20.5
Watch,count/min,2022-04-04 03:56:21 -0700,2022-04-04 03:56:21 -0700,16
Watch,count/min,2022-04-04 04:04:21 -0700,2022-04-04 04:04:21 -0700,17
Watch,count/min,2022-04-04 04:11:51 -0700,2022-04-04 04:11:51 -0700,18.5
Watch,count/min,2022-04-04 04:17:21 -0700,2022-04-04 04:17:21 -0700,19
Watch,count/min,2022-04-04 04:28:51 -0700,2022-04-04 04:28:51 -0700,19.5
Watch,count/min,2022-04-04 04:44:51 -0700,2022-04-04 04:44:51 -0700,19
Watch,count/min,2022-04-04 04:50:51 -0700,2022-04-04 04:50:51 -0700,19
Watch,count/min,2022-04-04 05:04:21 -0700,2022-04-04 05:04:21 -0700,18.5
Watch,count/min,2022-04-04 05:10:21 -0700,2022-04-04 05:10:21 -0700,18.5
Watch,count/min,2022-04-04 05:25:52 -0700,2022-04-04 05:25:52 -0700,16.5
Watch,count/min,2022-04-04 05:34:22 -0700,2022-04-04 05:34:22 -0700,18.5
Watch,count/min,2022-04-04 05:45:52 -0700,2022-04-04 05:45:52 -0700,19
Watch,count/min,2022-04-04 05:48:52 -0700,2022-04-04 05:48:52 -0700,18.5
Watch,count/min,2022-04-04 05:58:52 -0700,2022-04-04 05:58:52 -0700,17.5
Watch,count/min,2022-04-04 06:16:22 -0700,2022-04-04 06:16:22 -0700,18.5
Watch,count/min,2022-04-04 06:23:23 -0700,2022-04-04 06:23:23 -0700,18
Watch,count/min,2022-04-04 06:28:23 -0700,2022-04-04 06:28:23 -0700,18
Watch,count/min,2022-04-04 06:45:53 -0700,2022-04-04 06:45:53 -0700,18.5
Watch,count/min,2022-04-05 00:51:22 -0700,2022-04-05 00:51:22 -0700,21.5
Watch,count/min,2022-04-05 01:01:23 -0700,2022-04-05 01:01:23 -0700,20.5
Watch,count/min,2022-04-05 01:09:53 -0700,2022-04-05 01:09:53 -0700,20
Watch,count/min,2022-04-05 01:22:23 -0700,2022-04-05 01:22:23 -0700,17.5
Watch,count/min,2022-04-05 01:30:23 -0700,2022-04-05 01:30:23 -0700,17
Watch,count/min,2022-04-05 01:39:23 -0700,2022-04-05 01:39:23 -0700,17.5
Watch,count/min,2022-04-05 01:45:23 -0700,2022-04-05 01:45:23 -0700,18.5
Watch,count/min,2022-04-05 02:01:24 -0700,2022-04-05 02:01:24 -0700,18.5
Watch,count/min,2022-04-05 02:06:24 -0700,2022-04-05 02:06:24 -0700,18
Watch,count/min,2022-04-05 02:16:24 -0700,2022-04-05 02:16:24 -0700,18
Watch,count/min,2022-04-05 02:26:54 -0700,2022-04-05 02:26:54 -0700,18
Watch,count/min,2022-04-05 02:39:54 -0700,2022-04-05 02:39:54 -0700,19
Watch,count/min,2022-04-05 02:45:54 -0700,2022-04-05 02:45:54 -0700,19
Watch,count/min,2022-04-05 03:02:55 -0700,2022-04-05 03:02:55 -0700,18.5
Watch,count/min,2022-04-05 03:06:25 -0700,2022-04-05 03:06:25 -0700,18.5
Watch,count/min,2022-04-05 03:19:55 -0700,2022-04-05 03:19:55 -0700,18.5
Watch,count/min,2022-04-05 03:29:26 -0700,2022-04-05 03:29:26 -0700,18
Watch,count/min,2022-04-05 03:44:56 -0700,2022-04-05 03:44:56 -0700,19
Watch,count/min,2022-04-05 03:53:26 -0700,2022-04-05 03:53:26 -0700,19
Watch,count/min,2022-04-05 04:03:56 -0700,2022-04-05 04:03:56 -0700,19.5
Watch,count/min,2022-04-05 04:12:57 -0700,2022-04-05 04:12:57 -0700,17.5
Watch,count/min,2022-04-05 04:24:57 -0700,2022-04-05 04:24:57 -0700,19
Watch,count/min,2022-04-05 04:34:27 -0700,2022-04-05 04:34:27 -0700,18.5
Watch,count/min,2022-04-05 04:40:27 -0700,2022-04-05 04:40:27 -0700,19
Watch,count/min,2022-04-05 04:53:27 -0700,2022-04-05 04:53:27 -0700,20
Watch,count/min,2022-04-05 04:59:57 -0700,2022-04-05 04:59:57 -0700,18
Watch,count/min,2022-04-05 05:09:57 -0700,2022-04-05 05:09:57 -0700,19
Watch,count/min,2022-04-05 05:16:27 -0700,2022-04-05 05:16:27 -0700,18.5
Watch,count/min,2022-04-05 05:28:58 -0700,2022-04-05 05:28:58 -0700,18.5
Watch,count/min,2022-04-05 05:42:58 -0700,2022-04-05 05:42:58 -0700,18
Watch,count/min,2022-04-05 05:51:58 -0700,2022-04-05 05:51:58 -0700,18.5
Watch,count/min,2022-04-05 05:55:58 -0700,2022-04-05 05:55:58 -0700,18
Watch,count/min,2022-04-05 06:10:58 -0700,2022-04-05 06:10:58 -0700,15.5
Watch,count/min,2022-04-05 06:24:29 -0700,2022-04-05 06:24:29 -0700,18.5
Watch,count/min,2022-04-05 06:27:29 -0700,2022-04-05 06:27:29 -0700,18.5
Watch,count/min,2022-04-05 06:38:29 -0700,2022-04-05 06:38:29 -0700,19.5
Watch,count/min,2022-04-05 06:45:29 -0700,2022-04-05 06:45:29 -0700,19.5
Watch,count/min,2022-04-05 07:01:30 -0700,2022-04-05 07:01:30 -0700,18.5
Watch,count/min,2022-04-05 07:06:00 -0700,2022-04-05 07:06:00 -0700,20.5
Watch,count/min,2022-04-05 07:19:00 -0700,2022-04-05 07:19:00 -0700,19
Watch,count/min,2022-04-05 07:35:00 -0700,2022-04-05 07:35:00 -0700,18
Watch,count/min,2022-04-05 07:35:30 -0700,2022-04-05 07:35:30 -0700,18.5
Watch,count/min,2022-04-05 07:51:01 -0700,2022-04-05 07:51:01 -0700,19
Watch,count/min,2022-04-05 07:56:01 -0700,2022-04-05 07:56:01 -0700,18.5
Watch,count/min,2022-04-20 01:32:00 -0700,2022-04-20 01:32:00 -0700,22.5
Watch,count/min,2022-04-20 01:34:30 -0700,2022-04-20 01:34:30 -0700,22.5
Watch,count/min,2022-04-20 01:47:30 -0700,2022-04-20 01:47:30 -0700,24.5
Watch,count/min,2022-04-20 02:02:00 -0700,2022-04-20 02:02:00 -0700,24
Watch,count/min,2022-04-20 02:08:30 -0700,2022-04-20 02:08:30 -0700,24
Watch,count/min,2022-04-20 02:20:30 -0700,2022-04-20 02:20:30 -0700,24
Watch,count/min,2022-04-20 02:27:30 -0700,2022-04-20 02:27:30 -0700,23.5
Watch,count/min,2022-04-20 02:45:01 -0700,2022-04-20 02:45:01 -0700,12.5
Watch,count/min,2022-04-20 02:57:31 -0700,2022-04-20 02:57:31 -0700,22.5
Watch,count/min,2022-04-20 03:10:31 -0700,2022-04-20 03:10:31 -0700,21.5
Watch,count/min,2022-04-20 03:18:01 -0700,2022-04-20 03:18:01 -0700,21
