date,Max HR
2024-01-12,172.0
2024-01-14,168.5
2024-01-15,145.5
2024-01-17,149.0
2024-01-22,136.0
2024-01-25,136.0
2024-01-26,172.0
2024-01-27,175.0
2024-01-29,179.5
2024-01-30,110.0
2024-01-31,162.33
2024-02-01,170.67
2024-02-02,179.0
2024-02-03,175.67
2024-02-05,151.25
2024-02-08,152.0
2024-02-10,201.0
2024-02-13,127.0
2024-02-15,188.0
2024-02-18,155.0
2024-02-19,171.4
2024-02-25,181.33
2024-02-26,143.0
2024-03-04,180.33
2024-03-05,170.25
2024-03-08,154.75
2024-03-09,208.0
2024-03-10,145.0
2024-03-12,146.0
2024-03-13,150.5
2024-03-14,170.67
2024-03-15,114.5
2024-03-16,184.0
2024-03-17,147.0
2024-03-19,171.33
2024-03-20,158.0
2024-03-23,171.33
2024-03-24,187.0
2024-03-27,175.5
2024-03-28,176.0
2024-04-01,159.75
2024-04-02,164.0
2024-04-03,154.25
2024-04-08,176.5
2024-04-10,148.75
2024-04-11,177.33
2024-04-14,190.0
2024-04-15,139.0
2024-04-16,117.0
2024-04-19,173.0
2024-04-20,150.67
2024-04-21,171.0
2024-04-22,166.33
2024-04-24,170.5
2024-04-29,174.0
2024-04-30,176.0
2024-05-03,184.0
2024-05-05,179.5
2024-05-07,173.0
2024-05-08,158.0
2024-05-09,174.5
2024-05-11,183.0
2024-05-12,166.33
2024-05-18,178.0
2024-05-19,152.67
2024-05-24,180.5
2024-05-25,181.0
2024-05-27,147.0
2024-05-28,173.5
2024-06-02,186.0
2024-06-03,133.25
2024-06-04,171.0
2024-06-05,101.0
2024-06-07,186.5
2024-06-09,135.0
2024-06-10,190.0
2024-06-11,176.0
2024-06-15,117.0
2024-06-16,166.0
2024-06-19,173.5
2024-07-06,160.67
2024-07-08,160.5
2024-07-09,167.5
2024-07-10,154.5
2024-07-13,159.67
2024-07-14,164.0
2024-07-20,143.0
2024-07-21,154.33
2024-07-24,173.5
2024-07-25,175.0
2024-07-26,159.5
2024-07-28,146.0
2024-07-29,208.0
2024-08-02,167.0
2024-08-03,180.0
2024-08-06,150.0
2024-08-07,166.5
2024-08-10,167.67
2024-08-11,186.0
2024-08-17,162.0
2024-08-22,153.33
2024-08-23,164.67
2024-08-24,150.8
2024-08-25,176.0
2024-08-26,178.0
2024-08-28,170.0
2024-08-29,152.67
2024-08-30,159.0
2024-08-31,158.0
2024-09-02,160.0
2024-09-03,173.0
2024-09-04,177.0
2024-09-08,175.0
2024-09-09,159.4
2024-09-10,171.5
2024-09-11,173.5
2024-09-12,165.0
2024-09-15,174.5
2024-09-18,169.0
2024-09-19,174.0
2024-09-20,132.0
2024-09-22,187.0
2024-09-23,163.0
2024-09-24,161.33
2024-09-25,171.0
2024-09-26,163.33
2024-09-29,137.0
2024-09-30,166.67
2024-10-01,185.0
2024-10-02,137.0
2024-10-07,164.75
2024-10-08,153.33
2024-10-10,150.5
2024-10-13,165.5
2024-10-14,169.25
2024-10-17,161.0
2024-10-18,157.33
2024-10-21,177.33
2024-10-24,167.0
2024-10-25,172.33
2024-10-26,178.0
2024-10-29,165.0
2024-11-01,170.67
2024-11-03,168.67
2024-11-06,163.33
2024-11-10,164.75
2024-11-12,172.67
2024-11-17,151.0
2024-11-18,165.67
2024-11-21,160.33
2024-11-22,158.33
2024-11-23,175.0
2024-11-24,167.33
2024-11-25,169.33
2024-11-27,169.0
2024-11-30,170.0
2024-12-01,167.0
2024-12-02,166.0
2024-12-06,191.0
2024-12-07,187.0
2024-12-09,186.0
2024-12-10,177.0
2024-12-12,155.5
2024-12-13,161.0
2024-12-18,155.0
2024-12-22,160.67
2024-12-23,169.0
2024-12-27,174.5
2024-12-28,175.0
2024-12-29,183.0
2024-12-30,158.33
2025-01-01,185.0
2025-01-02,161.5
2025-01-03,124.0
2025-01-04,140.0
2025-01-05,167.0
2025-01-06,177.0
2025-01-08,163.67
2025-01-11,164.33
2025-01-12,159.67
2025-01-15,153.5
2025-01-17,175.67
2025-01-19,156.67
2025-01-21,175.0
2025-01-24,148.5
2025-01-27,186.0
2025-01-28,162.67
2025-01-30,157.8
2025-01-31,163.0
2025-02-01,163.0
2025-02-02,159.0
2025-02-03,169.0
2025-02-05,174.67
2025-02-07,156.5
2025-02-09,175.0
2025-02-10,180.0
2025-02-13,169.67
2025-02-15,155.67
2025-02-16,161.33
2025-02-18,163.0
2025-02-20,166.33
2025-02-21,166.5
2025-02-22,162.33
2025-02-25,159.0
2025-02-26,190.33
2025-02-28,180.0
2025-03-01,139.0
2025-03-02,164.0
2025-03-03,164.0
2025-03-05,169.33
2025-03-06,162.5
2025-03-08,170.0
2025-03-09,149.0
2025-03-10,157.0
2025-03-14,162.5
2025-03-19,158.5
2025-03-25,160.33
2025-03-27,174.0
2025-03-31,163.33
2025-04-05,169.0
2025-04-06,171.67
2025-04-08,199.0
2025-04-10,167.0
2025-04-13,139.0
2025-04-14,157.0
2025-04-18,175.67
2025-04-19,168.0
2025-04-20,185.0
2025-04-21,167.0
2025-04-22,154.0
2025-04-23,160.0
2025-04-25,180.0
2025-04-28,151.33
2025-04-30,189.0
2025-05-02,168.33
2025-05-03,148.67
2025-05-04,156.25
2025-05-06,164.0
2025-05-07,150.0
2025-05-09,165.33
2025-05-12,170.0
2025-05-14,166.0
2025-05-15,169.67
2025-05-19,160.5
2025-05-21,163.33
2025-05-22,146.67
2025-05-23,156.67
2025-05-24,148.0
2025-05-26,155.67
2025-05-28,197.0
2025-05-29,165.33
2025-06-05,172.67
2025-06-06,161.33
2025-06-10,166.33
2025-06-11,144.25
2025-06-16,159.0
2025-06-20,161.0
2025-06-21,154.67
2025-06-23,153.75
2025-06-24,143.25
2025-06-25,154.33
2025-06-28,138.0
2025-06-29,166.33
2025-06-30,154.0
2025-07-02,158.5
2025-07-03,152.33
2025-07-04,158.67
2025-07-08,166.67
2025-07-10,156.0
2025-07-12,158.0
2025-07-14,160.67
2025-07-15,158.0
2025-07-16,154.0
2025-07-17,155.0
2025-07-18,170.0
2025-07-20,150.0
2025-07-22,153.0
2025-07-24,161.0
2025-07-26,192.0
2025-07-28,174.5
2025-07-30,173.0
2025-08-04,156.67
2025-08-05,160.0
2025-08-06,160.0
2025-08-07,172.0
2025-08-09,158.0
2025-08-10,159.0
2025-08-11,169.0
2025-08-13,156.0
2025-08-16,171.0
2025-08-17,143.0
2025-08-18,95.0
2025-08-22,159.33
2025-08-23,167.0
2025-08-25,154.0
2025-08-27,163.0
2025-08-29,162.67
2025-09-03,156.0
2025-09-04,171.0
2025-09-06,145.0
2025-09-08,168.67
2025-09-09,144.0
2025-09-15,175.0
2025-09-16,154.0
2025-09-17,120.0
2025-09-22,187.0
2025-09-23,154.0
2025-09-29,140.0
2025-09-30,165.5
2025-10-04,165.5
2025-10-09,164.33
2025-10-10,199.0
2025-10-12,155.33
2025-10-14,170.0
2025-12-11,181.0
2025-12-12,144.0
2025-12-13,148.67
2025-12-14,166.0
2025-12-17,177.0
2025-12-20,164.5
2025-12-23,171.5
2025-12-29,183.0
2025-12-30,172.0
2026-01-02,179.0
2026-01-03,174.5
2026-01-05,158.0
2026-01-06,156.5
2026-01-15,187.0
2026-01-20,178.5
2026-01-22,162.33
2026-01-26,161.67
2026-01-27,169.5
2026-01-29,181.0
2026-02-14,162.5
2026-02-23,101.0
2026-02-27,173.67
2026-02-28,120.0
2026-03-04,180.0
2026-03-06,196.0
2026-03-07,113.33
2026-03-12,157.0
2026-03-17,172.67
2026-03-20,161.67
2026-03-22,196.0
2026-03-25,174.5
2026-03-31,158.5
2026-04-01,169.0
2026-04-03,119.5
2026-04-06,182.0
2026-04-07,108.0
2026-04-08,164.0
2026-04-09,175.5
2026-04-10,167.5
2026-04-13,105.0
2026-04-15,195.0
2026-04-22,143.33
2026-04-23,193.0
2026-04-26,172.0
2026-04-27,176.5
2026-04-29,191.0
2026-05-01,173.33
2026-05-05,172.67
2026-05-06,167.0
2026-05-10,143.75
2026-05-13,175.0
2026-05-14,180.33
2026-05-15,176.33
2026-05-20,171.0
2026-05-21,175.0
2026-05-22,177.5
2026-05-28,153.5
2026-05-29,153.0
2026-06-01,152.0
2026-06-02,172.33
2026-06-04,177.25
2026-06-05,156.33
2026-06-06,164.0
2026-06-07,170.0
2026-06-08,168.0
2026-06-11,171.67
2026-06-13,157.0
2026-06-15,161.33
2026-06-16,161.0
2026-06-18,153.75
2026-06-24,147.0
