date,Total Sets
2024-01-12,4.0
2024-01-14,3.0
2024-01-15,5.0
2024-01-17,6.0
2024-01-26,1.0
2024-01-27,8.0
2024-01-29,1.0
2024-01-31,8.0
2024-02-01,8.0
2024-02-02,2.0
2024-02-03,5.0
2024-02-05,3.0
2024-02-18,8.0
2024-02-19,14.0
2024-02-25,11.0
2024-02-26,2.0
2024-03-04,14.0
2024-03-05,15.0
2024-03-08,19.0
2024-03-13,2.0
2024-03-14,15.0
2024-03-19,13.0
2024-03-20,5.0
2024-03-23,24.0
2024-03-27,1.0
2024-03-28,1.0
2024-04-01,14.0
2024-04-02,15.0
2024-04-03,10.0
2024-04-08,1.0
2024-04-10,19.0
2024-04-20,12.0
2024-04-22,9.0
2024-04-24,21.0
2024-04-29,3.0
2024-04-30,11.0
2024-05-05,23.0
2024-05-08,13.0
2024-05-09,10.0
2024-05-12,8.0
2024-05-14,16.0
2024-05-16,14.0
2024-05-18,4.0
2024-05-19,8.0
2024-05-24,15.0
2024-05-28,13.0
2024-06-03,16.0
2024-06-04,1.0
2024-06-07,1.0
2024-06-09,3.0
2024-06-16,10.0
2024-06-19,9.0
2024-07-06,12.0
2024-07-08,7.0
2024-07-09,10.0
2024-07-10,2.0
2024-07-13,5.0
2024-07-21,16.0
2024-07-24,2.0
2024-07-25,2.0
2024-07-26,14.0
2024-08-02,3.0
2024-08-06,1.0
2024-08-07,16.0
2024-08-10,6.0
2024-08-17,11.0
2024-08-22,12.0
2024-08-23,9.0
2024-08-24,23.0
2024-08-26,1.0
2024-08-28,2.0
2024-08-29,7.0
2024-08-30,1.0
2024-08-31,10.0
2024-09-02,12.0
2024-09-03,14.0
2024-09-08,1.0
2024-09-09,11.0
2024-09-10,1.0
2024-09-11,19.0
2024-09-12,16.0
2024-09-15,10.0
2024-09-18,18.0
2024-09-19,13.0
2024-09-20,7.0
2024-09-23,10.0
2024-09-24,13.0
2024-09-25,2.0
2024-09-26,2.0
2024-09-30,11.0
2024-10-07,8.0
2024-10-08,8.0
2024-10-13,2.0
2024-10-14,11.0
2024-10-17,1.0
2024-10-18,20.0
2024-10-21,16.0
2024-10-24,3.0
2024-10-25,12.0
2024-10-29,1.0
2024-11-01,2.0
2024-11-03,15.0
2024-11-06,8.0
2024-11-10,8.0
2024-11-12,3.0
2024-11-17,9.0
2024-11-18,16.0
2024-11-21,16.0
2024-11-22,17.0
2024-11-23,1.0
2024-11-24,16.0
2024-11-25,12.0
2024-11-30,11.0
2024-12-01,1.0
2024-12-02,2.0
2024-12-06,9.0
2024-12-10,4.0
2024-12-12,1.0
2024-12-13,1.0
2024-12-18,1.0
2024-12-22,21.0
2024-12-23,14.0
2024-12-27,9.0
2024-12-30,12.0
2025-01-02,2.0
2025-01-03,1.0
2025-01-05,25.0
2025-01-08,16.0
2025-01-11,10.0
2025-01-12,13.0
2025-01-15,1.0
2025-01-17,10.0
2025-01-19,21.0
2025-01-24,1.0
2025-01-28,13.0
2025-01-30,16.0
2025-01-31,2.0
2025-02-01,19.0
2025-02-02,6.0
2025-02-03,10.0
2025-02-05,10.0
2025-02-07,2.0
2025-02-13,9.0
2025-02-15,14.0
2025-02-16,11.0
2025-02-18,2.0
2025-02-20,13.0
2025-02-21,1.0
2025-02-22,8.0
2025-02-25,10.0
2025-02-26,8.0
2025-03-01,11.0
2025-03-03,6.0
2025-03-05,9.0
2025-03-06,15.0
2025-03-08,18.0
2025-03-09,1.0
2025-03-10,7.0
2025-03-14,13.0
2025-03-19,2.0
2025-03-25,10.0
2025-03-27,6.0
2025-03-31,1.0
2025-04-06,13.0
2025-04-10,13.0
2025-04-13,10.0
2025-04-14,11.0
2025-04-18,16.0
2025-04-19,11.0
2025-04-21,5.0
2025-04-22,7.0
2025-04-23,13.0
2025-04-28,16.0
2025-05-02,7.0
2025-05-03,8.0
2025-05-04,6.0
2025-05-06,8.0
2025-05-07,7.0
2025-05-09,12.0
2025-05-12,1.0
2025-05-14,11.0
2025-05-15,14.0
2025-05-19,9.0
2025-05-21,8.0
2025-05-22,16.0
2025-05-23,15.0
2025-05-24,14.0
2025-05-26,16.0
2025-05-29,18.0
2025-06-05,9.0
2025-06-06,16.0
2025-06-10,17.0
2025-06-11,2.0
2025-06-16,9.0
2025-06-20,5.0
2025-06-21,17.0
2025-06-23,14.0
2025-06-24,10.0
2025-06-25,15.0
2025-06-28,15.0
2025-06-29,7.0
2025-06-30,13.0
2025-07-02,2.0
2025-07-03,12.0
2025-07-04,19.0
2025-07-08,11.0
2025-07-10,2.0
2025-07-12,2.0
2025-07-14,10.0
2025-07-16,6.0
2025-07-17,9.0
2025-07-18,10.0
2025-07-20,11.0
2025-07-22,1.0
2025-07-24,10.0
2025-07-28,6.0
2025-07-30,12.0
2025-08-04,13.0
2025-08-05,9.0
2025-08-06,8.0
2025-08-07,13.0
2025-08-09,15.0
2025-08-10,9.0
2025-08-11,15.0
2025-08-13,11.0
2025-08-16,20.0
2025-08-17,9.0
2025-08-22,12.0
2025-08-23,17.0
2025-08-25,5.0
2025-08-27,10.0
2025-08-29,14.0
2025-09-03,17.0
2025-09-04,13.0
2025-09-08,16.0
2025-09-09,6.0
2025-09-15,6.0
2025-09-16,14.0
2025-09-22,7.0
2025-09-23,15.0
2025-09-29,2.0
2025-09-30,13.0
2025-10-04,11.0
2025-10-09,9.0
2025-10-12,2.0
2025-10-14,12.0
2025-12-11,14.0
2025-12-13,1.0
2025-12-14,12.0
2025-12-17,14.0
2025-12-20,11.0
2025-12-23,10.0
2025-12-30,12.0
2026-01-03,4.0
2026-01-06,9.0
2026-01-20,15.0
2026-01-22,8.0
2026-01-26,10.0
2026-01-27,6.0
2026-01-29,12.0
2026-02-14,17.0
2026-02-27,26.0
2026-03-12,24.0
2026-03-17,10.0
2026-03-20,15.0
2026-03-25,19.0
2026-03-31,8.0
2026-04-01,18.0
2026-04-08,13.0
2026-04-09,1.0
2026-04-10,16.0
2026-04-22,12.0
2026-04-26,17.0
2026-04-27,14.0
2026-05-01,7.0
2026-05-05,4.0
2026-05-06,7.0
2026-05-10,13.0
2026-05-13,17.0
2026-05-14,16.0
2026-05-15,14.0
2026-05-20,15.0
2026-05-21,12.0
2026-05-22,13.0
2026-05-28,12.0
2026-05-29,16.0
2026-06-02,14.0
2026-06-04,9.0
2026-06-05,11.0
2026-06-07,20.0
2026-06-08,15.0
2026-06-11,13.0
2026-06-13,17.0
2026-06-15,6.0
2026-06-16,1.0
2026-06-18,10.0
2026-06-24,7.0
