date,Total Time
2024-01-12,67.52
2024-01-14,71.45
2024-01-15,77.75
2024-01-17,44.7
2024-01-22,30.77
2024-01-25,23.52
2024-01-26,37.83
2024-01-27,52.95
2024-01-29,43.65
2024-01-30,31.72
2024-01-31,55.8
2024-02-01,58.43
2024-02-02,40.87
2024-02-03,50.33
2024-02-05,62.0
2024-02-08,21.55
2024-02-10,48.62
2024-02-13,19.03
2024-02-15,20.33
2024-02-18,86.39
2024-02-19,80.0
2024-02-25,95.16
2024-02-26,14.9
2024-03-04,71.01
2024-03-05,83.15
2024-03-08,78.53
2024-03-09,72.37
2024-03-10,26.68
2024-03-12,34.17
2024-03-13,50.93
2024-03-14,78.62
2024-03-15,42.13
2024-03-16,71.4
2024-03-17,26.48
2024-03-19,78.51
2024-03-20,19.6
2024-03-23,94.24
2024-03-24,48.77
2024-03-27,42.67
2024-03-28,42.34
2024-04-01,91.47
2024-04-02,62.54
2024-04-03,33.05
2024-04-08,26.35
2024-04-10,95.64
2024-04-11,37.37
2024-04-14,72.2
2024-04-15,82.07
2024-04-16,65.52
2024-04-19,53.32
2024-04-20,57.87
2024-04-21,71.8
2024-04-22,48.29
2024-04-24,63.13
2024-04-29,46.42
2024-04-30,62.65
2024-05-03,54.62
2024-05-05,61.63
2024-05-07,32.85
2024-05-08,52.07
2024-05-09,72.07
2024-05-11,79.68
2024-05-12,42.32
2024-05-13,70.56
2024-05-14,124.2
2024-05-16,58.78
2024-05-17,61.87
2024-05-18,44.3
2024-05-19,79.21
2024-05-24,58.79
2024-05-25,81.1
2024-05-27,83.22
2024-05-28,75.95
2024-05-31,77.85
2024-06-02,38.0
2024-06-03,66.96
2024-06-04,22.0
2024-06-05,3.88
2024-06-07,35.99
2024-06-09,28.38
2024-06-10,30.57
2024-06-11,51.77
2024-06-15,38.13
2024-06-16,71.0
2024-06-19,49.76
2024-07-06,75.49
2024-07-08,44.69
2024-07-09,69.75
2024-07-10,41.45
2024-07-13,15.88
2024-07-14,52.62
2024-07-20,56.1
2024-07-21,88.95
2024-07-24,45.22
2024-07-25,38.83
2024-07-26,56.59
2024-07-28,73.23
2024-07-29,55.05
2024-08-02,37.82
2024-08-03,63.82
2024-08-06,5.47
2024-08-07,43.3
2024-08-10,29.37
2024-08-11,60.03
2024-08-17,46.86
2024-08-22,70.96
2024-08-23,64.18
2024-08-24,92.5
2024-08-25,48.85
2024-08-26,56.7
2024-08-28,51.85
2024-08-29,50.99
2024-08-30,62.28
2024-08-31,58.75
2024-09-02,58.24
2024-09-03,49.14
2024-09-04,54.4
2024-09-08,53.56
2024-09-09,104.61
2024-09-10,54.21
2024-09-11,82.97
2024-09-12,66.42
2024-09-15,87.08
2024-09-18,98.12
2024-09-19,84.24
2024-09-20,46.4
2024-09-22,65.08
2024-09-23,60.91
2024-09-24,78.66
2024-09-25,65.91
2024-09-26,32.54
2024-09-28,89.0
2024-09-29,50.08
2024-09-30,89.38
2024-10-01,50.23
2024-10-02,61.0
2024-10-07,84.02
2024-10-08,51.35
2024-10-10,75.73
2024-10-13,71.43
2024-10-14,95.27
2024-10-17,53.38
2024-10-18,74.07
2024-10-21,83.91
2024-10-24,45.26
2024-10-25,65.23
2024-10-26,74.9
2024-10-29,33.88
2024-11-01,32.49
2024-11-03,81.72
2024-11-06,48.23
2024-11-10,59.48
2024-11-12,38.64
2024-11-17,28.42
2024-11-18,80.47
2024-11-21,76.61
2024-11-22,65.19
2024-11-23,62.91
2024-11-24,78.25
2024-11-25,59.52
2024-11-27,37.08
2024-11-30,104.12
2024-12-01,54.5
2024-12-02,37.36
2024-12-06,59.4
2024-12-07,45.55
2024-12-09,46.88
2024-12-10,62.05
2024-12-12,40.36
2024-12-13,82.4
2024-12-18,40.76
2024-12-22,66.46
2024-12-23,95.83
2024-12-27,75.98
2024-12-28,74.23
2024-12-29,69.77
2024-12-30,33.2
2025-01-01,68.1
2025-01-02,48.59
2025-01-03,2.87
2025-01-04,61.43
2025-01-05,91.14
2025-01-06,46.8
2025-01-08,68.37
2025-01-11,61.04
2025-01-12,82.85
2025-01-15,40.73
2025-01-17,112.74
2025-01-19,53.01
2025-01-21,25.07
2025-01-24,51.3
2025-01-27,68.22
2025-01-28,76.93
2025-01-30,89.15
2025-01-31,38.1
2025-02-01,50.95
2025-02-02,166.48
2025-02-03,57.34
2025-02-05,53.7
2025-02-07,50.76
2025-02-09,61.85
2025-02-10,41.58
2025-02-13,53.71
2025-02-15,83.69
2025-02-16,93.68
2025-02-18,59.86
2025-02-20,80.27
2025-02-21,85.85
2025-02-22,53.88
2025-02-25,78.56
2025-02-26,73.13
2025-02-28,39.4
2025-03-01,52.35
2025-03-02,22.82
2025-03-03,61.72
2025-03-05,105.46
2025-03-06,71.25
2025-03-08,94.76
2025-03-09,5.71
2025-03-10,34.65
2025-03-14,134.71
2025-03-19,49.0
2025-03-25,69.42
2025-03-27,55.84
2025-03-31,36.77
2025-04-05,84.45
2025-04-06,68.07
2025-04-08,43.22
2025-04-10,74.68
2025-04-13,37.98
2025-04-14,57.23
2025-04-18,100.66
2025-04-19,95.5
2025-04-20,41.47
2025-04-21,37.33
2025-04-22,51.35
2025-04-23,49.38
2025-04-25,44.63
2025-04-28,126.35
2025-04-30,42.42
2025-05-02,53.5
2025-05-03,52.91
2025-05-04,39.62
2025-05-06,62.55
2025-05-07,74.0
2025-05-09,86.39
2025-05-12,70.8
2025-05-14,64.59
2025-05-15,91.66
2025-05-19,46.72
2025-05-21,45.71
2025-05-22,74.06
2025-05-23,110.72
2025-05-24,85.51
2025-05-26,58.35
2025-05-28,50.18
2025-05-29,62.23
2025-06-05,62.3
2025-06-06,61.15
2025-06-10,79.45
2025-06-11,91.19
2025-06-16,65.45
2025-06-20,21.68
2025-06-21,48.38
2025-06-23,56.12
2025-06-24,67.31
2025-06-25,77.95
2025-06-28,67.17
2025-06-29,87.95
2025-06-30,52.62
2025-07-02,40.18
2025-07-03,51.46
2025-07-04,93.27
2025-07-08,63.78
2025-07-10,34.9
2025-07-12,33.44
2025-07-14,53.73
2025-07-15,36.97
2025-07-16,41.03
2025-07-17,46.0
2025-07-18,40.9
2025-07-20,75.43
2025-07-22,54.43
2025-07-24,56.73
2025-07-26,41.53
2025-07-28,58.87
2025-07-30,56.98
2025-08-04,61.71
2025-08-05,64.35
2025-08-06,69.52
2025-08-07,99.89
2025-08-09,99.36
2025-08-10,33.82
2025-08-11,64.93
2025-08-13,55.17
2025-08-16,142.18
2025-08-17,30.43
2025-08-18,21.5
2025-08-22,79.26
2025-08-23,25.45
2025-08-25,41.27
2025-08-27,62.01
2025-08-29,80.45
2025-09-03,56.68
2025-09-04,55.4
2025-09-06,219.38
2025-09-08,54.72
2025-09-09,30.42
2025-09-15,62.2
2025-09-16,58.32
2025-09-17,7.81
2025-09-22,85.25
2025-09-23,86.79
2025-09-29,40.41
2025-09-30,56.03
2025-10-04,94.01
2025-10-09,71.58
2025-10-10,77.57
2025-10-12,88.94
2025-10-14,72.16
2025-12-11,54.13
2025-12-12,21.72
2025-12-13,69.79
2025-12-14,42.29
2025-12-17,68.27
2025-12-20,64.58
2025-12-23,53.47
2025-12-29,35.05
2025-12-30,84.91
2026-01-02,43.2
2026-01-03,44.58
2026-01-05,42.75
2026-01-06,57.92
2026-01-15,48.15
2026-01-20,104.55
2026-01-22,76.15
2026-01-26,71.8
2026-01-27,58.25
2026-01-29,84.15
2026-02-14,43.85
2026-02-23,13.5
2026-02-27,81.11
2026-02-28,145.23
2026-03-04,36.05
2026-03-06,30.47
2026-03-07,67.57
2026-03-12,72.62
2026-03-17,60.62
2026-03-20,57.16
2026-03-22,90.98
2026-03-25,81.79
2026-03-31,47.25
2026-04-01,49.67
2026-04-03,27.22
2026-04-06,42.98
2026-04-07,29.05
2026-04-08,69.09
2026-04-09,55.73
2026-04-10,79.84
2026-04-13,34.97
2026-04-15,53.85
2026-04-22,52.15
2026-04-23,68.63
2026-04-26,86.79
2026-04-27,57.58
2026-04-29,53.83
2026-05-01,62.19
2026-05-05,53.97
2026-05-06,99.39
2026-05-10,98.06
2026-05-13,81.61
2026-05-14,82.91
2026-05-15,75.13
2026-05-20,87.61
2026-05-21,66.52
2026-05-22,98.99
2026-05-28,49.9
2026-05-29,83.96
2026-06-01,113.73
2026-06-02,95.2
2026-06-04,58.13
2026-06-05,75.4
2026-06-06,28.58
2026-06-07,78.35
2026-06-08,56.83
2026-06-11,100.82
2026-06-13,70.63
2026-06-15,42.78
2026-06-16,86.85
2026-06-18,84.3
2026-06-24,49.03
